school,student,gender,written,course
20920,16,M,23,NA
20920,25,F,NA,71.2
20920,27,F,39,76.8
20920,31,F,36,87.9
20920,42,M,16,44.4
20920,62,F,36,NA
20920,101,F,49,89.8
20920,113,M,25,17.5
20920,146,M,NA,32.4
22520,1,F,48,84.2
22520,7,M,46,66.6
22520,9,F,28,47.2
22520,15,F,43,80.5
22520,16,M,29,57.4
22520,18,F,25,42.5
22520,21,M,30,36.1
22520,24,F,44,58.3
22520,25,M,30,37.9
22520,27,F,26,74
22520,29,M,30,41.6
22520,34,F,39,76.8
22520,37,F,41,34.2
22520,41,F,44,86.1
22520,42,M,36,56.4
22520,43,F,45,42.5
22520,45,F,41,63.8
22520,47,F,28,20.3
22520,52,F,31,51.8
22520,53,F,33,NA
22520,55,F,51,76.8
22520,57,M,51,65.7
22520,60,F,38,56.4
22520,63,M,44,75.9
22520,64,F,41,76.8
22520,66,F,32,66.6
22520,67,M,41,31.4
22520,69,M,36,51.8
22520,73,M,41,NA
22520,74,M,36,NA
22520,78,F,13,28.7
22520,83,M,34,46.2
22520,84,F,23,51.8
22520,85,F,26,66.6
22520,87,F,36,79.6
22520,90,F,25,39.8
22520,91,M,33,47.2
22520,97,F,64,NA
22520,104,M,31,62.9
22520,106,M,33,40.7
22520,108,F,57,90.7
22520,110,M,26,51.8
22520,111,F,33,54.6
22520,112,F,45,95.3
22520,115,M,3.1,9.25
22520,116,F,25,NA
22520,121,F,27,26.8
22520,128,M,23,50
22520,131,M,39,44.4
22520,134,M,64,59.2
22520,137,F,NA,41.6
22520,141,F,38,NA
22520,143,F,53,87.9
22520,144,F,46,93.5
22520,146,F,40,75.9
22520,153,M,28,26.8
22520,156,F,NA,25
22520,157,F,27,61.1
22520,163,F,40,54.6
22520,164,F,39,76.8
22520,165,F,NA,46.2
22520,170,F,30,80.5
22520,177,F,32,41.6
22520,178,F,26,60.1
22520,181,F,35,53.7
22710,5,F,NA,93.5
22710,11,M,41,91.6
22710,44,M,20,NA
22710,46,M,36,94.4
22710,49,M,55,94.4
22710,50,F,NA,94.4
22710,53,F,NA,80.5
22710,54,F,40,NA
22710,57,F,11,73.1
22710,58,M,33,80.5
22710,77,F,0.6,41.6
22710,79,F,31,93.5
22710,84,F,41,90.7
22710,90,M,21,60.1
22710,102,F,26,82.4
22710,103,F,30,82.4
22710,109,M,35,78.7
22710,169,F,55,94.4
22738,7,F,43,75
22738,32,M,53,58.3
22738,87,M,51,82.4
22738,106,F,59,75
22738,119,M,58,80.5
22738,127,F,48,NA
22738,159,F,50,82.4
22738,173,M,63,60.1
22738,180,M,51,NA
22738,203,M,49,69.4
22908,6,F,55,62
22908,17,M,61,83.3
22908,24,F,52,NA
22908,42,F,NA,52.7
22908,66,F,NA,46.2
22908,69,F,60,71.2
23208,1,F,60,84.2
23208,9,F,33,95.3
23208,11,F,44,78.7
23208,12,F,45,38.8
23208,13,M,58,88.8
23208,18,F,36,78.7
23208,28,F,38,90.7
23208,30,M,76,78.7
23208,31,F,33,87
23208,37,F,45,78.7
23208,39,F,49,83.3
23208,40,M,82,69.4
23208,43,F,44,56.4
23208,46,F,48,91.6
23208,48,F,58,82.4
23208,51,M,48,NA
23208,53,F,52,80.5
23208,60,F,52,83.3
23208,61,F,26,80.5
23208,65,F,43,83.3
23208,80,M,76,80.5
23208,83,M,NA,87
23208,91,F,NA,78.7
25241,5047,M,59,NA
25241,5049,M,67,67.5
25241,5111,M,64,72.2
25241,5146,M,68,72.2
25241,5156,F,NA,72.2
30474,8,M,71,89.8
30474,12,M,61,95.3
30474,16,M,68,NA
30474,18,M,30,87
30474,20,M,48,56.4
30474,27,M,55,75
30474,28,M,49,NA
30474,34,M,68,77.7
30474,39,M,83,NA
30474,45,M,62,76.8
30474,46,M,80,79.6
30474,49,M,56,67.5
30474,54,M,64,87.9
30474,62,M,53,89.8
30474,80,M,68,98.1
30474,83,M,71,90.7
30474,89,M,60,78.7
30474,95,M,NA,82.4
30474,97,M,63,84.2
30474,100,M,39,74
30474,104,M,66,83.3
30474,106,M,63,81.4
30474,107,M,53,87.9
30474,116,F,36,64.8
30474,118,F,43,61.1
30474,132,F,61,76.8
30474,152,F,46,66.6
30474,153,F,NA,80.5
30474,154,F,NA,77.7
30474,157,F,51,75
30474,160,F,NA,83.3
30474,163,F,79,86.1
30474,164,F,NA,91.6
30474,165,F,48,NA
30474,166,F,NA,67.5
30474,183,F,NA,87.9
30474,186,F,41,94.4
30474,187,F,79,98.1
30474,190,F,53,93.5
30474,192,F,65,97.2
30474,194,F,46,85.1
30474,197,F,53,88.8
30474,203,F,51,86.1
30474,208,F,40,85.1
30474,232,F,55,NA
35270,13,F,46,62
35270,14,F,46,56.4
35270,15,M,NA,63.8
35270,16,M,41,NA
35270,27,F,64,69.4
35270,28,M,28,50
35270,29,F,63,69.4
35270,33,F,46,59.2
35270,34,M,55,67.5
35270,40,M,65,58.3
35270,45,M,NA,58.3
35270,46,M,52,48.1
37224,5,F,52,58.3
37224,9,M,40,64.8
37224,12,F,59,62
37224,14,M,48,68.5
37224,24,M,44,59.2
37224,26,F,50,61.1
37224,29,M,53,NA
37224,36,M,59,87
37224,40,F,35,70.3
37224,53,M,48,38.8
37224,68,M,31,71.2
37224,73,F,28,65.7
37224,77,F,52,50.9
37224,78,M,NA,62
37224,81,M,37,51.8
37224,88,M,60,70.3
37224,106,M,40,55.5
37224,110,F,37,63.8
37224,116,M,51,75.9
37224,122,M,26,65.7
37224,124,M,43,73.1
37224,129,M,NA,81.4
37224,137,F,NA,73.1
37224,143,F,51,78.7
37224,144,M,53,73.1
37224,145,M,52,57.4
37224,148,F,44,75
37224,154,M,46,69.4
37224,157,F,43,51.8
37224,180,M,37,NA
37224,185,F,55,75.9
37224,189,M,46,71.2
37224,200,F,44,73.1
37224,203,M,68,73.1
37224,204,M,41,62.9
37224,221,M,41,69.4
37224,231,M,30,65.7
37224,265,F,48,80.5
37224,268,F,49,68.5
37224,272,F,NA,72.2
37224,282,M,51,61.1
37224,286,F,50,NA
37224,293,F,44,65.7
37224,295,F,43,46.2
47627,93,F,46,67.5
47627,97,F,53,69.4
47627,101,M,71,75
47627,105,M,37,58.3
47627,106,M,50,17.5
47627,107,M,70,67.5
50627,8,M,57,60.1
50627,32,M,53,NA
50627,40,M,62,57.4
50627,52,M,50,54.6
50627,53,M,39,31.4
50627,57,M,41,50
50627,69,M,45,55.5
50627,76,M,49,33.3
50627,81,M,45,52.7
50627,86,M,62,55.5
50627,94,M,46,48.1
50627,96,M,58,35.1
50627,107,F,40,58.3
50627,109,F,48,81.4
50627,122,F,41,61.1
50627,128,F,71,72.2
50627,131,F,41,NA
50627,148,F,46,63.8
50627,152,F,30,47.2
50627,161,F,30,60.1
50627,165,F,NA,63.8
50627,166,F,NA,40.7
50627,174,F,NA,65.7
50627,183,F,52,59.2
50631,5014,F,43,78.7
50631,5026,M,48,72.2
50631,5030,F,58,83.3
50631,5034,F,48,79.6
50631,5037,F,38,83.3
50631,5041,M,73,96.2
50631,5051,F,55,NA
50631,5055,F,48,100
50631,5056,M,52,98.1
50631,5058,F,64,98.1
50631,5060,F,43,99
50631,5070,M,56,80.5
50631,5086,F,45,98.1
50631,5105,F,65,100
50631,5110,F,49,94.4
50631,5140,F,28,75
50631,5151,F,50,100
50631,5160,M,NA,97.2
50631,5168,F,40,98.1
50631,5177,M,60,94.4
50631,5191,F,36,66.6
60421,8,F,41,93.5
60421,17,F,33,76.8
60421,104,F,44,90.7
60421,140,M,57,65.7
60421,142,F,51,76.8
60427,15,M,26,49
60427,24,M,48,100
60427,37,M,NA,52.7
60427,50,M,46,86.1
60427,58,M,65,99
60427,70,M,35,NA
60427,83,M,46,95.3
60427,92,M,NA,78.7
60427,96,M,46,86.1
60427,112,M,45,93.5
60427,114,M,20,53.7
60427,210,F,71,100
60427,211,F,63,100
60427,223,F,52,100
60427,224,F,63,100
60427,234,F,33,77.7
60427,240,F,44,NA
60427,242,F,49,NA
60427,250,F,63,100
60427,255,F,36,98.1
60427,265,F,62,100
60427,284,F,18,NA
60427,295,F,25,89.8
60427,304,F,38,97.2
60427,308,F,65,100
60427,310,F,38,94.4
60427,316,F,27,71.2
60437,19,M,48,89.8
60437,49,M,48,99
60437,50,F,55,93.5
60437,60,F,48,95.3
60437,66,M,46,82.4
60437,69,M,53,89.8
60437,77,F,NA,95.3
60437,86,F,35,74
60437,99,F,70,91.6
60437,103,M,56,96.2
60437,104,F,46,90.7
60437,119,F,NA,97.2
60437,126,F,48,100
60437,129,M,64,84.2
60437,139,F,39,83.3
60437,148,M,45,87
60437,149,F,70,99
60437,153,M,53,99
60437,167,M,39,59.2
60437,194,F,46,84.2
60439,1009,M,46,87
60439,1012,F,41,60.1
60439,1016,F,57,NA
60439,1031,F,53,86.1
60439,1037,M,55,71.2
60439,1045,M,38,NA
60439,1088,M,NA,70.3
60439,1094,F,58,77.7
60439,1120,M,64,86.1
60439,1123,M,73,81.4
60439,1133,F,76,84.2
60439,1147,M,NA,69.4
60439,1152,F,60,61.1
60441,201,F,38,81.4
60441,204,F,41,66.6
60441,211,M,39,63.8
60441,222,F,45,75
60441,237,F,57,57.4
60441,241,M,46,59.2
60441,284,F,33,82.4
60441,290,F,46,79.6
60441,292,F,53,79.6
60441,293,F,51,70.3
60441,294,F,40,78.7
60441,297,F,21,58.3
60441,326,F,33,74
60441,330,M,44,53.7
60441,344,M,41,NA
60441,374,F,49,71.2
60441,377,M,56,62
60455,1003,F,44,84.2
60455,1008,M,37,62
60455,1009,M,20,48.1
60455,1010,M,63,59.2
60455,1011,F,53,93.5
60455,1016,F,61,89.8
60455,1017,F,62,93.5
60455,1018,F,64,92.5
60455,1020,F,39,75
60455,1021,M,57,68.5
60455,1022,F,60,94.4
60455,1023,M,61,56.4
60455,1027,F,53,94.4
60455,1028,M,49,NA
60455,1030,F,63,96.2
60455,1035,F,33,57.4
60455,1037,F,68,96.2
60455,1047,M,41,57.4
60455,1049,F,43,82.4
60455,1052,F,55,NA
60455,1053,M,65,NA
60455,1055,M,56,85.1
60455,1057,F,48,84.2
60455,1060,F,69,87.9
60455,1065,F,25,61.1
60455,1074,F,52,89.8
60455,1079,M,48,64.8
60455,1080,M,NA,79.6
60455,1081,F,45,95.3
60455,1083,M,59,97.2
60455,1091,F,48,95.3
60455,1098,M,48,79.6
60455,1108,M,60,86.1
60455,1116,F,45,90.7
60455,1125,M,57,NA
60455,1130,F,53,87.9
60455,1133,M,52,NA
60455,1135,M,61,93.5
60455,1137,F,40,79.6
60455,1144,F,48,83.3
60455,1145,M,43,71.2
60455,1149,M,55,83.3
60457,1,M,41,85.1
60457,3,F,60,100
60457,11,F,59,98.1
60457,12,M,20,81.4
60457,13,F,37,82.4
60457,18,M,62,98.1
60457,22,M,37,NA
60457,27,M,71,72.2
60457,31,F,37,90.7
60457,33,M,NA,83.3
60457,40,M,58,74
60457,43,M,52,78.7
60457,44,F,62,96.2
60457,48,M,63,77.7
60457,52,M,NA,94.4
60457,56,M,71,95.3
60457,62,F,53,89.8
60457,65,M,43,90.7
60457,70,M,60,95.3
60457,71,F,48,93.5
60457,76,F,58,92.5
60457,77,F,NA,71.2
60457,79,F,57,98.1
60457,81,M,43,60.1
60457,94,F,58,79.6
60457,98,F,NA,99
60457,99,M,66,NA
60457,109,M,NA,77.7
60457,110,F,53,95.3
60457,120,M,53,91.6
60457,121,M,50,59.2
60457,130,F,48,97.2
60457,132,M,52,81.4
60457,134,F,51,98.1
60457,142,F,69,99
60457,143,F,40,90.7
60457,146,M,NA,85.1
60457,151,M,58,83.3
60457,152,M,78,82.4
60457,155,M,34,54.6
60457,159,M,41,82.4
60457,163,F,43,84.2
60457,169,F,68,93.5
60457,174,M,70,72.2
60457,178,F,43,88.8
60457,184,M,64,78.7
60457,185,M,51,NA
60457,198,M,56,76.8
60457,210,M,70,84.2
60457,221,F,50,98.1
60457,222,M,41,87
60457,224,M,62,77.7
60457,231,F,46,96.2
60457,234,M,NA,73.1
60501,6,F,57,80.5
60501,26,M,61,88.8
60501,28,F,33,50
60501,30,M,41,72.2
60501,31,F,58,96.2
60501,36,M,43,44.4
60501,44,M,65,92.5
60501,46,M,44,69.4
60501,48,F,NA,67.5
60501,51,M,48,91.6
60501,52,F,60,96.2
60501,54,F,56,61.1
60501,58,F,51,92.5
60501,59,F,35,62.9
60501,66,F,36,87.9
60501,67,M,60,87.9
60501,78,F,48,66.6
60501,92,F,44,NA
60501,109,M,46,48.1
60501,110,F,55,94.4
60501,111,F,36,49
60501,116,M,43,67.5
60501,121,F,51,76.8
60501,146,F,45,88.8
60501,163,F,62,97.2
60501,164,M,NA,83.3
60729,263,M,52,NA
60729,264,M,46,82.4
60729,272,F,65,92.5
60729,302,M,56,86.1
60729,331,M,69,94.4
60729,337,F,53,94.4
60729,342,F,76,92.5
60741,4006,F,41,84.2
60741,4010,F,53,87.9
60741,4012,F,61,75.9
60741,4016,F,46,86.1
60741,4028,F,39,64.8
60741,4030,M,NA,56.4
60741,4031,F,48,81.4
60741,4040,F,NA,82.4
60741,4042,F,50,86.1
60741,4050,M,43,41.6
60741,4056,F,38,80.5
60741,4057,F,NA,69.4
60741,4064,F,43,76.8
60741,4066,F,25,51.8
60741,4074,F,43,71.2
60741,4085,F,48,77.7
60741,4091,F,46,67.5
60741,4097,M,39,54.6
60741,4106,F,48,86.1
60741,4116,F,44,72.2
60741,4120,M,37,33.3
60741,4122,M,50,77.7
60741,4124,F,36,79.6
60741,4148,M,NA,76.8
60741,4151,F,44,81.4
60741,4154,M,62,76.8
63619,4,M,61,73.1
63619,55,M,59,74
63619,59,M,48,71.2
63619,77,F,40,54.6
63833,9,M,41,NA
63833,5012,M,41,65.7
63833,5023,M,36,57.4
63833,5047,F,59,79.6
63833,5079,M,50,65.7
63833,5083,M,61,71.2
63833,5092,F,71,83.3
63833,5112,F,64,75.9
63833,5140,M,57,71.2
63833,5196,M,36,65.7
63833,5209,M,NA,72.2
63833,5212,M,45,67.5
64251,1007,F,65,97.2
64251,1009,F,50,91.6
64251,1019,M,65,81.4
64251,1020,F,59,NA
64251,1022,M,62,76.8
64251,1030,M,43,NA
64251,1031,M,53,71.2
64251,1098,M,NA,69.4
64251,1104,M,NA,74
64251,1107,F,40,NA
64251,1120,M,44,87
64251,1122,F,57,90.7
64251,1126,F,61,85.1
64251,1131,F,NA,94.4
64251,1132,F,61,87
64251,1133,F,44,88.8
64251,1136,F,NA,93.5
64251,1144,M,NA,82.4
64251,1150,F,76,92.5
64251,1151,F,71,93.5
64251,1162,M,61,81.4
64251,1175,M,44,88.8
64251,1179,F,63,NA
64251,1184,F,56,86.1
64251,1191,F,55,76.8
64251,1196,M,46,87
64251,1198,F,53,86.1
64251,1204,F,51,97.2
64251,1208,F,65,93.5
64251,1226,F,49,87
64251,1239,F,37,95.3
64251,1246,M,59,80.5
64251,1263,M,55,88.8
64251,1266,F,60,83.3
64251,1272,F,46,92.5
64251,1296,F,50,NA
64321,5001,M,46,61.1
64321,5004,F,74,92.5
64321,5007,F,44,52.7
64321,5014,F,58,NA
64321,5021,F,48,70.3
64321,5024,F,52,82.4
64321,5025,F,60,70.3
64321,5031,M,51,32.4
64321,5041,F,65,70.3
64321,5044,F,53,76.8
64321,5046,F,NA,73.1
64321,5051,M,70,75
64321,5053,F,53,86.1
64321,5056,M,55,61.1
64321,5057,M,33,NA
64321,5064,F,28,NA
64321,5065,F,NA,72.2
64321,5069,M,45,NA
64321,5080,M,60,78.7
64321,5084,F,60,57.4
64321,5086,F,50,47.2
64321,5089,F,53,NA
64321,5092,M,41,37
64321,5094,M,45,37.9
64321,5097,M,61,62
64321,5100,M,57,62
64321,5102,F,65,86.1
64321,5107,F,49,42.5
64321,5110,M,49,54.6
64321,5122,M,53,49
64321,5124,F,NA,68.5
64321,5132,F,46,51.8
64321,5149,F,NA,50.9
64321,5155,F,46,NA
64321,5163,M,60,40.7
64321,5167,F,78,81.4
64327,5,M,33,NA
64327,10,M,39,65.7
64327,11,M,36,74
64327,19,F,11,87
64327,27,F,40,90.7
64327,40,M,44,75.9
64327,41,F,45,85.1
64327,48,M,53,78.7
64327,49,M,35,66.6
64327,56,M,55,70.3
64327,57,M,46,78.7
64327,59,F,52,83.3
64327,63,F,45,79.6
64327,76,M,37,74
64327,77,F,61,84.2
64327,78,F,46,87
64327,84,M,NA,90.7
64327,89,M,48,74
64327,90,M,55,82.4
64327,93,M,41,80.5
64327,118,F,48,93.5
64327,125,M,30,64.8
64327,126,M,41,68.5
64327,134,F,53,93.5
64327,137,F,41,83.3
64327,147,F,NA,75.9
64327,149,M,55,75
64327,158,M,53,83.3
64327,163,M,40,69.4
64327,176,M,NA,65.7
64327,177,M,53,89.8
64327,181,F,44,80.5
64343,2,M,38,78.7
64343,17,F,78,98.1
64343,24,F,62,100
64343,30,F,50,90.7
64343,36,F,55,80.5
64343,37,M,34,9.25
64343,42,M,73,82.4
64343,51,F,40,87.9
64343,52,F,41,99
64343,53,M,60,16.6
64343,55,F,39,94.4
64343,60,F,55,96.2
64343,61,M,NA,40.7
64343,62,F,36,NA
64343,63,M,NA,40.7
64343,65,F,63,100
64343,70,F,59,79.6
64343,76,F,60,90.7
64343,79,F,31,89.8
64343,85,F,45,98.1
64343,86,F,55,91.6
64343,87,F,61,98.1
64343,88,M,58,54.6
64343,100,F,68,100
64343,107,M,43,96.2
64343,109,F,NA,90.7
64343,112,F,30,25.9
64343,113,M,63,84.2
64343,121,M,71,80.5
64343,122,F,36,100
64343,124,M,37,57.4
64343,133,F,41,98.1
64343,135,F,36,NA
64343,138,M,59,46.2
64343,145,M,38,48.1
64343,149,F,46,NA
64343,192,F,51,85.1
64343,197,F,56,95.3
64359,160,M,NA,86.1
64359,238,M,70,96.2
64359,259,M,74,87
64359,262,M,45,77.7
64359,310,F,45,78.7
64359,412,F,34,58.3
64359,417,F,43,NA
64359,423,F,60,NA
64359,596,M,70,87.9
64359,637,M,70,90.7
64359,699,F,55,75.9
64359,720,F,53,87
64359,734,F,53,78.7
64359,735,F,NA,57.4
64359,757,F,63,89.8
64359,794,F,56,80.5
64428,91,F,36,93.5
64428,119,F,50,62.9
64428,158,M,83,NA
64428,1290,M,46,62.9
64428,1291,M,55,50.9
65385,41,F,60,91.6
65385,129,M,53,90.7
65385,151,M,51,76.8
65385,195,M,57,85.1
66365,46,M,44,62.9
66365,109,F,53,97.2
66365,116,F,26,73.1
66365,134,F,57,86.1
66365,136,F,32,NA
66365,138,F,43,85.1
67051,16,M,36,37
67051,50,F,45,87
67051,60,F,45,78.7
67051,81,F,20,50.9
67051,89,M,43,40.7
67051,115,F,45,89.8
67051,159,M,35,69.4
67051,175,M,46,67.5
67051,208,F,NA,74
67105,14,F,45,25.9
67105,27,F,NA,63.8
67105,30,F,43,NA
67105,34,F,74,55.5
67105,40,F,58,68.5
67105,60,F,62,18.5
67105,68,M,78,77.7
67105,72,F,53,52.7
67105,96,F,71,66.6
67105,97,F,NA,72.2
67105,99,F,46,59.2
67105,103,F,50,59.2
67105,109,M,68,NA
67105,113,F,NA,39.8
67105,116,F,53,61.1
67105,120,M,NA,57.4
67105,128,F,79,75.9
67105,131,F,45,82.4
67105,132,F,65,55.5
67105,146,F,53,48.1
67105,147,M,55,85.1
67105,155,F,64,38.8
67105,156,M,67,57.4
67105,160,M,60,74
67105,192,F,55,60.1
67105,193,F,60,86.1
67105,196,M,57,74
67105,201,F,58,83.3
67105,207,F,62,57.4
67105,208,M,66,79.6
67105,209,F,57,72.2
67311,6,F,34,81.4
67311,17,M,61,78.7
67311,18,F,NA,86.1
67311,36,M,55,74
67311,44,F,NA,88.8
67311,50,F,65,92.5
67311,70,M,39,92.5
67311,83,F,NA,73.1
67311,87,F,38,87.9
67311,130,F,36,90.7
67311,141,F,59,91.6
67311,144,M,58,93.5
68107,5,F,53,90.7
68107,12,F,53,97.2
68107,18,F,52,87.9
68107,22,F,51,88.8
68107,25,F,49,84.2
68107,26,F,78,93.5
68107,28,F,45,71.2
68107,37,M,68,87.9
68107,45,F,67,83.3
68107,48,M,49,NA
68107,60,F,NA,77.7
68107,65,M,41,61.1
68107,66,F,22,64.8
68107,70,F,49,70.3
68107,73,F,55,78.7
68107,74,M,NA,86.1
68107,77,F,30,75
68107,78,M,65,78.7
68107,80,F,43,80.5
68107,83,M,51,81.4
68107,87,M,44,64.8
68107,90,F,41,NA
68107,92,F,28,86.1
68107,96,F,38,79.6
68107,98,F,39,NA
68107,99,M,73,92.5
68107,101,F,62,91.6
68107,110,F,55,83.3
68107,118,M,46,82.4
68107,123,F,NA,84.2
68107,126,F,46,83.3
68107,128,F,49,74
68107,132,F,NA,64.8
68107,133,F,36,67.5
68107,138,F,55,86.1
68107,139,F,36,NA
68107,140,F,NA,75.9
68107,141,M,NA,62.9
68107,144,F,16,63.8
68107,146,F,35,68.5
68107,147,F,25,NA
68107,148,F,23,47.2
68107,153,F,34,68.5
68107,156,F,34,68.5
68107,160,F,65,86.1
68107,163,F,41,69.4
68107,165,F,51,NA
68107,167,F,50,NA
68107,168,M,41,66.6
68107,171,F,32,65.7
68107,172,M,60,77.7
68107,174,M,43,69.4
68107,175,F,NA,85.1
68107,178,M,NA,69.4
68107,179,F,44,91.6
68107,180,M,57,78.7
68107,183,M,NA,53.7
68107,184,M,49,65.7
68107,185,F,51,70.3
68107,186,F,43,NA
68107,187,M,45,74
68107,188,M,46,61.1
68107,190,M,NA,75.9
68107,191,F,37,62
68107,193,F,NA,62
68107,197,F,32,69.4
68107,201,F,28,67.5
68107,204,M,44,NA
68107,205,M,28,55.5
68107,206,F,43,62
68107,209,M,48,80.5
68107,210,M,39,67.5
68107,211,F,18,64.8
68107,212,M,59,69.4
68107,216,F,38,NA
68107,217,F,NA,60.1
68107,219,M,33,74
68107,220,M,30,50
68107,221,M,NA,79.6
68111,7,F,53,80.5
68111,8,F,48,76.8
68111,9,F,33,76.8
68111,11,F,NA,83.3
68111,21,F,NA,87.9
68111,22,M,58,75
68111,24,M,39,NA
68111,25,M,45,NA
68111,33,F,NA,66.6
68111,34,F,45,86.1
68111,38,F,44,82.4
68111,43,F,38,77.7
68111,46,F,60,94.4
68111,49,F,56,75.9
68111,56,F,55,73.1
68111,57,F,60,82.4
68111,69,F,46,79.6
68111,70,M,50,74
68111,76,F,40,61.1
68111,82,F,NA,86.1
68111,84,M,41,69.4
68111,85,M,39,59.2
68111,88,M,53,82.4
68111,92,M,41,71.2
68111,95,F,58,85.1
68111,99,M,53,63.8
68111,109,M,49,74
68111,113,F,60,89.8
68111,120,M,37,73.1
68111,121,M,55,85.1
68121,5000,F,52,77.7
68121,5002,M,46,78.7
68121,5003,F,40,NA
68121,5010,F,51,NA
68121,5014,F,38,92.5
68121,5024,F,43,86.1
68121,5032,F,NA,82.4
68121,5036,F,38,53.7
68121,5039,F,33,59.2
68121,5070,F,33,37.9
68121,5075,F,35,88.8
68121,5080,F,43,83.3
68121,5089,F,NA,88.8
68121,5095,F,52,98.1
68121,5105,F,NA,80.5
68121,5107,M,55,61.1
68121,5117,F,45,96.2
68121,5124,F,39,41.6
68121,5131,F,41,61.1
68121,5132,M,51,72.2
68121,5146,F,67,94.4
68121,5153,M,NA,65.7
68125,14,M,56,71.2
68125,15,M,56,91.6
68125,16,F,40,64.8
68125,18,F,55,98.1
68125,19,F,28,NA
68125,27,M,45,74
68125,41,F,60,93.5
68125,42,F,35,86.1
68125,45,F,25,61.1
68125,61,F,38,87.9
68125,63,M,32,82.4
68125,73,F,41,79.6
68125,74,F,41,80.5
68125,77,F,43,92.5
68125,82,F,NA,87.9
68125,91,M,49,57.4
68125,93,F,57,90.7
68125,96,F,44,25
68125,99,F,48,84.2
68125,100,F,NA,94.4
68125,101,F,38,75
68125,104,F,51,60.1
68125,105,F,76,93.5
68125,111,F,51,85.1
68125,116,M,30,9.25
68125,117,F,62,86.1
68125,121,F,37,69.4
68125,126,M,29,33.3
68125,127,F,36,91.6
68125,128,F,48,78.7
68125,131,F,37,84.2
68125,135,F,55,97.2
68125,136,F,56,90.7
68125,139,M,38,62
68125,145,F,62,90.7
68125,149,M,48,65.7
68125,156,M,52,78.7
68125,159,M,40,76.8
68125,174,F,56,88.8
68125,176,F,52,61.1
68125,183,F,53,78.7
68125,185,F,34,NA
68125,196,M,46,87
68125,199,M,66,NA
68125,208,M,39,79.6
68125,211,F,62,98.1
68125,213,F,64,91.6
68125,214,F,23,73.1
68125,215,F,43,84.2
68125,216,F,73,98.1
68133,5020,F,45,86.1
68133,5023,F,25,71.2
68133,5035,F,34,93.5
68133,5037,M,35,NA
68133,5043,F,36,82.4
68133,5056,F,37,78.7
68133,5069,M,46,55.5
68133,5071,M,41,70.3
68133,5083,F,NA,85.1
68133,5084,M,58,NA
68133,5087,F,41,88.8
68133,5093,F,NA,87.9
68133,5098,M,38,87.9
68133,5100,M,64,85.1
68133,5104,M,21,50.9
68133,5108,M,30,66.6
68133,5111,F,20,29.6
68133,5112,F,59,90.7
68133,5131,M,29,72.2
68133,5143,M,57,92.5
68133,5152,M,NA,72.2
68133,5159,F,NA,40.7
68133,5163,F,37,85.1
68133,5176,F,27,67.5
68133,5177,F,51,88.8
68133,5183,M,43,79.6
68133,5195,M,NA,73.1
68133,5196,M,23,81.4
68133,5198,F,31,60.1
68133,5202,F,40,91.6
68133,5203,F,14,NA
68133,5205,F,36,77.7
68133,5210,F,20,59.2
68133,5214,F,39,NA
68133,5219,F,30,NA
68133,5220,M,38,86.1
68133,5232,F,33,NA
68133,5255,F,40,80.5
68133,5257,F,NA,69.4
68133,5261,F,36,76.8
68133,5270,M,30,70.3
68133,5278,F,60,89.8
68133,5287,M,32,69.4
68133,5288,F,43,91.6
68133,5291,F,NA,92.5
68133,5296,F,51,91.6
68133,5298,M,25,63.8
68137,1,F,18,56.4
68137,2,F,23,55.5
68137,3,F,25,NA
68137,4,F,29,73.1
68137,5,F,NA,66.6
68137,9,F,20,60.1
68137,11,F,34,63.8
68137,12,F,60,89.8
68137,13,F,44,76.8
68137,14,F,20,58.3
68137,16,F,16,52.7
68137,18,F,41,54.6
68137,19,F,40,NA
68137,22,F,34,85.1
68137,23,F,25,61.1
68137,24,F,51,73.1
68137,25,F,23,75
68137,26,F,18,75.9
68137,27,F,36,69.4
68137,28,F,38,72.2
68137,34,F,13,55.5
68137,38,F,53,82.4
68137,39,F,18,47.2
68137,41,F,18,56.4
68137,42,F,36,83.3
68137,43,F,51,64.8
68137,44,F,NA,59.2
68137,45,F,18,49
68137,46,F,44,84.2
68137,48,F,27,78.7
68137,49,F,35,61.1
68137,50,F,34,83.3
68137,52,F,23,27.7
68137,53,F,NA,37
68137,54,F,22,54.6
68137,55,F,NA,88.8
68137,56,F,32,73.1
68137,59,F,59,89.8
68137,62,F,36,69.4
68137,64,F,23,74
68137,65,F,2.5,50
68137,66,F,NA,39.8
68137,67,F,39,64.8
68137,68,F,NA,92.5
68137,69,F,23,76.8
68137,70,F,41,67.5
68137,74,F,21,81.4
68137,75,F,14,31.4
68137,77,F,18,60.1
68137,78,F,13,54.6
68137,79,F,7.5,27.7
68137,80,F,4.3,50.9
68137,81,F,23,54.6
68137,82,F,30,80.5
68137,83,F,30,84.2
68137,84,F,14,28.7
68137,85,F,11,27.7
68137,86,F,41,70.3
68137,87,F,39,76.8
68137,88,F,36,NA
68137,91,F,16,76.8
68137,92,F,13,62
68137,93,F,NA,32.4
68137,94,F,43,NA
68137,96,F,18,32.4
68137,97,F,11,57.4
68137,98,F,NA,58.3
68137,99,F,20,NA
68137,100,F,11,61.1
68137,101,F,33,72.2
68137,207,M,32,52.7
68137,208,M,25,59.2
68137,209,M,11,37
68137,212,M,34,54.6
68137,213,M,34,NA
68137,214,M,23,51.8
68137,215,M,25,60.1
68137,219,M,33,NA
68137,221,M,48,85.1
68137,222,M,20,73.1
68137,223,M,34,65.7
68137,226,M,32,62.9
68137,228,M,23,43.5
68137,231,M,25,55.5
68137,233,M,30,37
68137,234,M,33,49
68137,237,M,37,69.4
68137,239,M,36,63.8
68137,242,M,18,42.5
68137,243,M,27,57.4
68137,244,M,NA,72.2
68137,246,M,51,NA
68137,251,M,41,67.5
68137,252,M,NA,75.9
68137,254,M,35,NA
68137,255,M,36,62
68137,258,M,23,61.1
68137,260,M,25,NA
68137,261,M,46,89.8
68137,264,M,50,70.3
68137,268,M,15,43.5
68137,270,M,NA,73.1
68137,272,M,43,78.7
68137,273,M,35,60.1
68201,3,M,82,92.5
68201,5,F,79,88.8
68201,11,F,50,71.2
68201,14,M,60,61.1
68207,7,F,32,58.3
68207,84,F,25,41.6
68207,101,F,23,62.9
68207,126,F,26,57.4
68207,167,M,NA,50
68217,1,M,41,70.3
68217,3,M,37,43.5
68217,16,M,31,44.4
68217,70,M,NA,76.8
68217,71,F,49,95.3
68217,74,F,36,NA
68217,75,F,32,74
68217,76,F,23,NA
68217,83,F,20,76.8
68217,87,F,30,88.8
68217,94,F,36,72.2
68217,100,F,43,84.2
68217,101,F,41,82.4
68217,106,F,45,73.1
68217,108,F,NA,93.5
68217,109,F,NA,73.1
68217,110,F,26,86.1
68217,112,F,50,87
68217,114,F,32,85.1
68217,118,F,30,74
68217,121,F,48,94.4
68217,125,F,38,62
68217,132,F,NA,86.1
68227,3,M,56,76.8
68227,13,M,60,79.6
68227,15,M,39,76.8
68227,20,M,35,70.3
68227,21,M,38,76.8
68227,28,M,50,61.1
68227,30,M,36,10.1
68227,33,M,53,NA
68227,44,M,36,70.3
68227,46,M,41,87
68227,50,M,46,57.4
68227,54,M,48,NA
68227,55,M,41,62.9
68227,80,F,44,70.3
68227,84,F,40,62
68227,122,F,NA,76.8
68227,123,F,32,76.8
68233,403,F,NA,92.5
68233,405,F,30,78.7
68233,408,M,37,43.5
68233,422,M,39,67.5
68233,428,M,51,67.5
68233,433,M,26,NA
68233,434,M,32,44.4
68233,436,M,41,65.7
68233,438,F,23,47.2
68233,439,F,NA,51.8
68233,440,F,32,74
68233,441,F,65,92.5
68233,442,F,35,58.3
68233,444,F,66,90.7
68233,445,F,50,NA
68233,446,F,NA,81.4
68233,448,F,25,41.6
68233,455,M,33,39.8
68233,457,M,14,23.1
68233,466,F,27,50
68233,467,F,60,85.1
68233,469,F,41,51.8
68233,470,F,37,55.5
68233,471,F,43,88.8
68233,473,F,31,60.1
68233,480,M,38,47.2
68233,484,M,35,50
68233,487,M,35,64.8
68233,490,F,45,85.1
68233,495,F,57,NA
68233,498,F,73,89.8
68233,501,F,18,68.5
68233,634,F,NA,60.1
68233,652,F,43,71.2
68233,777,F,NA,60.1
68233,921,M,58,50
68233,1052,F,30,52.7
68237,7,M,48,67.5
68237,11,F,48,83.3
68237,18,M,55,62.9
68237,32,F,61,87
68237,36,F,60,99
68237,41,F,55,86.1
68237,42,F,38,82.4
68237,47,F,46,NA
68237,51,F,59,NA
68237,62,M,49,77.7
68237,71,F,46,73.1
68237,73,M,56,75.9
68237,75,M,46,80.5
68237,84,M,48,65.7
68237,85,F,NA,93.5
68237,87,M,53,86.1
68237,93,F,41,NA
68237,110,M,46,74
68237,115,F,27,NA
68237,126,M,49,72.2
68237,128,M,46,92.5
68237,129,F,59,65.7
68237,134,M,41,74
68237,137,F,NA,83.3
68237,153,F,61,87
68237,158,F,38,66.6
68237,161,M,53,NA
68237,162,M,53,78.7
68237,164,F,39,52.7
68237,173,F,40,NA
68237,178,F,43,66.6
68237,185,F,46,90.7
68237,188,M,66,77.7
68237,195,F,NA,99
68237,197,M,51,81.4
68237,208,F,71,94.4
68237,212,M,52,87
68241,1004,F,53,88.8
68241,1012,F,48,76.8
68241,1020,F,61,70.3
68241,1021,F,46,NA
68241,1031,F,53,87
68241,1032,F,53,90.7
68241,1056,F,46,59.2
68241,1066,F,33,63.8
68241,1070,F,49,58.3
68241,1072,F,41,79.6
68241,1073,F,53,74
68241,1074,F,39,75.9
68241,1076,M,49,46.2
68241,1095,M,70,86.1
68241,1108,M,71,NA
68241,1116,M,46,NA
68241,1117,M,56,75.9
68241,1138,M,NA,87.9
68255,1,M,38,50.9
68255,2,M,55,84.2
68255,6,M,48,86.1
68255,9,M,46,78.7
68255,10,M,55,87.9
68255,24,M,53,93.5
68255,28,M,68,95.3
68255,35,M,65,80.5
68255,43,M,43,78.7
68255,53,M,62,84.2
68255,56,M,51,78.7
68255,57,M,NA,81.4
68255,63,M,51,83.3
68255,67,M,66,98.1
68255,70,F,50,90.7
68255,79,F,61,88.8
68255,83,F,53,94.4
68255,89,F,61,80.5
68255,98,F,60,92.5
68255,102,F,53,88.8
68255,106,F,43,90.7
68255,110,F,58,75.9
68255,116,F,55,85.1
68255,118,F,53,92.5
68271,21,F,NA,75.9
68271,48,F,31,62.9
68271,75,F,44,56.4
68271,90,F,36,49
68271,92,M,NA,83.3
68271,102,M,25,41.6
68271,141,M,45,62
68271,160,F,36,89.8
68271,169,F,43,84.2
68271,170,M,56,89.8
68271,241,F,36,79.6
68271,243,F,51,NA
68271,246,F,36,73.1
68303,4,M,NA,68.5
68303,9,M,44,63.8
68303,18,M,67,85.1
68303,25,M,39,NA
68303,31,M,55,58.3
68303,32,M,60,83.3
68303,35,M,30,NA
68303,49,F,45,42.5
68303,50,M,41,54.6
68303,53,M,NA,69.4
68303,63,M,48,71.2
68303,64,F,62,84.2
68303,80,F,NA,82.4
68303,86,F,46,69.4
68303,93,F,40,67.5
68303,96,M,56,65.7
68303,100,M,71,95.3
68303,101,M,48,85.1
68303,106,M,37,67.5
68303,110,F,51,84.2
68303,113,M,67,69.4
68303,117,M,48,61.1
68303,120,M,35,51.8
68303,128,F,32,55.5
68303,138,F,57,79.6
68303,141,F,43,57.4
68303,153,M,50,39.8
68303,157,F,55,75
68303,161,F,43,54.6
68303,167,F,28,62
68303,168,F,53,79.6
68303,169,F,36,66.6
68303,175,M,52,62
68303,176,F,63,69.4
68303,178,M,65,76.8
68303,192,F,56,63.8
68303,193,M,55,73.1
68303,195,M,56,60.1
68303,197,M,59,65.7
68303,199,M,46,56.4
68321,5001,F,51,78.7
68321,5005,F,41,83.3
68321,5021,F,51,77.7
68321,5023,M,43,97.2
68321,5031,M,64,97.2
68321,5032,F,NA,100
68321,5033,M,57,91.6
68321,5034,F,31,73.1
68321,5035,F,48,83.3
68321,5040,M,43,73.1
68321,5041,F,39,58.3
68321,5042,M,68,63.8
68321,5049,F,NA,65.7
68321,5050,M,36,NA
68321,5051,M,50,NA
68321,5052,F,NA,78.7
68321,5053,M,40,69.4
68321,5057,M,72,NA
68321,5058,M,39,82.4
68321,5059,F,55,73.1
68321,5067,M,52,72.2
68321,5076,M,NA,83.3
68321,5080,F,41,81.4
68321,5082,F,56,87
68321,5083,M,60,78.7
68321,5089,M,48,76.8
68321,5092,F,41,85.1
68321,5093,M,38,43.5
68321,5094,M,46,61.1
68321,5097,F,48,94.4
68321,5098,F,65,88.8
68321,5099,M,50,78.7
68321,5106,F,60,77.7
68321,5107,F,51,60.1
68321,5113,M,NA,61.1
68321,5125,F,60,92.5
68321,5128,M,61,79.6
68321,5130,F,51,74
68321,5131,M,81,96.2
68321,5133,M,59,97.2
68321,5136,M,50,NA
68321,5137,F,59,72.2
68321,5138,F,NA,73.1
68321,5140,F,59,84.2
68321,5144,F,53,70.3
68321,5148,F,53,NA
68321,5149,M,43,NA
68321,5150,F,53,85.1
68321,5151,F,60,83.3
68321,5152,F,46,83.3
68321,5153,M,68,88.8
68321,5154,F,NA,61.1
68329,8,M,44,62.9
68329,103,F,53,79.6
68329,128,F,40,91.6
68329,133,M,43,75
68329,156,F,55,92.5
68329,163,F,50,89.8
68405,5007,M,NA,87.9
68405,5011,M,51,95.3
68405,5023,F,67,73.1
68405,5026,F,65,87.9
68405,5028,M,55,89.8
68405,5035,F,76,95.3
68405,5045,F,51,67.5
68405,5050,F,NA,78.7
68405,5062,M,53,NA
68405,5063,F,53,64.8
68405,5070,F,65,NA
68405,5074,M,41,63.8
68405,5080,F,34,79.6
68405,5090,M,56,77.7
68405,5091,F,65,90.7
68405,5092,M,61,84.2
68405,5097,F,48,93.5
68405,5104,F,66,74
68405,5113,F,50,86.1
68405,5116,F,48,77.7
68405,5119,F,66,87.9
68405,5131,F,NA,74
68405,5133,M,NA,78.7
68405,5140,F,75,81.4
68405,5145,F,64,84.2
68405,5146,M,55,86.1
68405,5166,F,66,62
68405,5183,F,52,77.7
68405,5184,F,45,92.5
68405,5193,F,44,70.3
68405,5194,F,55,71.2
68405,5209,M,55,55.5
68405,5214,F,49,68.5
68405,5215,M,59,96.2
68405,5223,F,71,84.2
68405,5226,F,32,75.9
68411,1,F,39,70.3
68411,2,F,30,41.6
68411,3,M,46,56.4
68411,4,F,44,55.5
68411,7,F,31,55.5
68411,15,F,49,66.6
68411,19,F,NA,56.4
68411,20,M,59,81.4
68411,21,F,48,60.1
68411,22,F,46,74
68411,24,M,NA,52.7
68411,27,F,32,37
68411,28,M,NA,43.5
68411,32,M,29,45.3
68411,34,F,65,50
68411,36,F,14,19.4
68411,37,M,52,47.2
68411,39,F,31,65.7
68411,42,F,53,71.2
68411,47,F,29,58.3
68411,50,F,NA,51.8
68411,51,M,49,76.8
68411,56,F,43,50.9
68411,59,F,52,76.8
68411,60,M,26,38.8
68411,63,F,34,64.8
68411,64,F,43,NA
68411,66,M,38,58.3
68411,67,F,30,69.4
68411,71,F,NA,55.5
68411,72,F,34,68.5
68411,77,F,34,74
68411,82,M,32,NA
68411,83,F,20,30.5
68411,88,F,55,75.9
68411,90,F,32,62
68411,99,F,30,68.5
68411,101,F,62,79.6
68411,102,M,46,46.2
68411,103,F,41,64.8
68411,109,M,44,NA
68411,111,M,59,65.7
68411,112,M,30,42.5
68411,116,F,46,NA
68411,119,F,63,83.3
68411,121,F,NA,70.3
68411,122,M,38,48.1
68411,124,F,41,62.9
68411,129,M,NA,36.1
68411,136,F,25,NA
68411,137,M,55,NA
68411,138,M,41,38.8
68411,139,F,49,74
68411,141,F,36,67.5
68411,143,F,NA,68.5
68411,145,F,16,32.4
68411,148,M,NA,71.2
68411,151,M,35,60.1
68411,152,M,41,64.8
68411,154,F,28,52.7
68411,155,M,38,61.1
68411,156,F,26,58.3
68411,161,F,36,NA
68411,164,M,53,78.7
68411,165,F,46,64.8
68411,169,M,40,67.5
68411,170,M,48,76.8
68411,172,F,43,68.5
68411,176,M,36,58.3
68411,178,M,67,38.8
68411,179,M,58,70.3
68411,181,F,38,56.4
68411,182,M,23,23.1
68411,184,M,61,NA
68411,188,F,45,60.1
68411,193,F,36,56.4
68411,194,F,44,59.2
68411,195,F,43,75
68411,197,F,33,61.1
68411,200,M,50,72.2
68411,204,F,59,NA
68411,207,F,41,52.7
68411,209,F,22,50
68411,211,F,NA,71.2
68417,5000,F,30,71.2
68417,5001,F,34,76.8
68417,5002,F,70,89.8
68417,5004,M,50,81.4
68417,5009,F,32,58.3
68417,5011,M,63,80.5
68417,5012,M,53,NA
68417,5013,F,55,81.4
68417,5017,M,38,79.6
68417,5019,F,35,NA
68417,5022,M,33,78.7
68417,5024,F,34,71.2
68417,5025,M,45,67.5
68417,5026,F,48,NA
68417,5029,M,41,59.2
68417,5034,F,41,70.3
68417,5035,F,49,75.9
68417,5036,M,36,NA
68417,5038,F,NA,72.2
68417,5043,M,45,78.7
68417,5044,F,45,NA
68417,5047,M,50,70.3
68417,5052,M,64,62.9
68417,5053,M,71,89.8
68417,5054,M,78,87.9
68417,5058,F,30,70.3
68417,5061,M,46,84.2
68417,5062,M,49,60.1
68417,5063,M,65,NA
68417,5066,F,53,88.8
68417,5068,M,45,53.7
68417,5069,M,43,80.5
68417,5070,M,66,89.8
68417,5071,M,60,89.8
68417,5072,F,43,45.3
68417,5074,F,62,78.7
68417,5077,F,43,77.7
68417,5079,M,66,92.5
68417,5080,M,57,67.5
68417,5083,F,40,59.2
68417,5087,M,64,70.3
68417,5090,F,69,83.3
68417,5092,F,48,87.9
68417,5093,M,67,81.4
68417,5095,F,56,42.5
68417,5097,M,57,75
68417,5098,M,68,67.5
68531,6,F,68,74
68531,12,F,41,61.1
68531,19,M,57,NA
68531,32,M,63,68.5
68531,35,F,64,86.1
68531,68,M,56,39.8
68531,77,F,41,67.5
68531,83,F,NA,75
68531,86,F,59,NA
68531,95,F,67,78.7
68531,97,F,NA,55.5
68531,118,F,44,74
68531,126,F,59,94.4
68531,137,F,57,79.6
68531,154,F,48,87.9
68531,167,F,38,NA
68531,190,M,65,83.3
68531,192,F,53,85.1
68531,193,F,43,72.2
68531,211,F,55,81.4
68531,214,F,NA,91.6
68531,227,F,48,NA
68611,2,M,43,59.2
68611,15,M,41,51.8
68611,19,M,29,NA
68611,41,F,31,65.7
68611,47,F,35,59.2
68611,49,F,34,67.5
68611,50,F,43,80.5
68611,52,F,16,68.5
68611,53,F,31,54.6
68611,54,F,44,70.3
68629,22,M,43,84.2
68629,24,M,59,72.2
68629,25,M,53,73.1
68629,32,F,39,75
68629,44,M,76,91.6
68629,48,M,49,61.1
68629,52,F,53,69.4
68629,56,M,43,NA
68629,59,F,NA,97.2
68629,60,F,34,85.1
68629,62,F,53,81.4
68629,66,M,48,NA
68629,77,F,NA,86.1
68629,81,M,43,44.4
68629,82,F,43,79.6
68629,98,M,55,38.8
68629,102,M,50,85.1
68629,106,F,55,83.3
68629,108,F,41,68.5
68629,110,M,61,87.9
68629,115,M,59,81.4
68629,124,M,55,70.3
68629,139,F,50,98.1
68629,143,F,49,85.1
68629,156,M,48,51.8
68629,162,M,37,62.9
68629,175,M,NA,75
68629,176,F,56,82.4
68629,189,M,65,70.3
68629,197,M,41,NA
68711,17,F,30,55.5
68711,66,F,30,37
68711,75,F,37,55.5
68711,79,M,55,58.3
68711,165,F,22,NA
68711,182,F,41,70.3
68711,188,M,44,45.3
68711,225,M,46,32.4
68711,230,F,71,NA
68711,237,M,NA,47.2
68723,5107,F,48,77.7
68723,5118,F,55,NA
68723,5121,F,37,52.7
68723,5122,F,37,63.8
68723,5216,F,41,NA
68723,5221,F,NA,74
68723,5322,M,52,62.9
68723,5516,F,50,73.1
68723,5521,F,NA,80.5
68805,1,F,62,98.1
68805,12,M,64,96.2
68805,17,M,44,76.8
68805,27,M,62,96.2
68805,32,F,33,NA
68805,33,F,38,77.7
68805,41,F,60,89.8
68805,44,M,40,86.1
68805,47,F,NA,87
68805,61,M,60,86.1
68805,65,F,35,86.1
68805,66,F,32,54.6
68805,74,F,46,74
68805,76,F,51,99
68805,77,F,22,57.4
68805,78,M,45,66.6
68805,80,M,61,68.5
68805,83,M,65,93.5
68805,88,F,34,74
68805,96,M,48,90.7
68805,98,F,34,83.3
68805,99,M,52,78.7
68805,107,M,55,77.7
68805,115,F,37,85.1
68805,120,M,53,95.3
68805,133,M,65,89.8
68805,139,M,NA,90.7
68805,140,M,NA,91.6
68805,143,M,53,94.4
68805,146,M,33,79.6
68805,148,F,72,96.2
68809,1,M,43,75
68809,5,M,59,65.7
68809,7,M,44,60.1
68809,9,M,46,72.2
68809,10,F,28,73.1
68809,13,F,39,79.6
68809,14,F,25,59.2
68809,17,M,35,86.1
68809,22,F,55,NA
68809,23,F,44,69.4
68809,25,M,50,54.6
68809,29,F,40,NA
68809,30,M,46,75.9
68809,31,F,40,78.7
68809,32,M,40,60.1
68809,33,F,39,59.2
68809,36,F,61,91.6
68809,39,M,32,60.1
68809,42,M,55,77.7
68809,43,F,34,71.2
68809,44,M,53,68.5
68809,45,F,39,75
68809,46,F,43,67.5
68809,47,M,53,63.8
68809,53,F,NA,80.5
68809,57,M,64,87
68809,61,F,23,57.4
68809,66,F,52,86.1
68809,67,M,53,77.7
68809,72,F,36,75
68809,73,F,NA,84.2
68809,75,M,37,72.2
68809,76,F,41,64.8
68809,77,F,39,76.8
68809,78,M,39,62.9
68809,81,F,43,NA
68809,84,F,27,73.1
68809,85,M,32,NA
68809,89,F,74,92.5
68809,92,F,27,81.4
68809,93,F,31,70.3
68809,95,M,NA,53.7
68809,97,M,41,72.2
68809,98,M,36,57.4
68809,100,F,33,68.5
68809,102,M,40,72.2
68809,103,F,61,78.7
68809,105,M,30,74
68809,106,F,NA,62
68809,107,F,38,63.8
68809,110,F,51,85.1
68809,113,F,58,81.4
68809,114,F,NA,74
68809,116,M,55,75.9
68809,118,F,26,61.1
68809,119,F,NA,61.1
68809,120,M,36,70.3
68809,121,F,30,62.9
68809,123,M,43,48.1
68809,125,F,53,75.9
68809,129,F,79,93.5
68809,132,F,69,96.2
68809,133,F,25,74
68809,134,F,32,45.3
68809,138,M,60,67.5
68809,139,F,38,59.2
68809,140,F,55,93.5
68809,141,M,34,47.2
68809,146,F,27,70.3
68809,147,M,NA,73.1
68809,148,M,30,41.6
68809,149,F,38,80.5
68809,151,M,38,NA
71927,10,M,40,67.5
71927,19,F,46,66.6
71927,23,M,53,68.5
71927,26,F,53,75
71927,43,M,39,67.5
71927,51,F,NA,78.7
71927,53,F,36,71.2
71927,55,F,41,NA
71927,59,F,35,62
71927,63,F,NA,50.9
71927,75,F,59,NA
71927,76,F,NA,69.4
71927,79,F,38,69.4
71927,83,F,31,68.5
71927,94,F,57,NA
71927,96,F,22,63.8
71927,97,M,38,59.2
71927,110,F,55,77.7
71927,115,F,NA,53.7
71927,121,M,55,73.1
71927,128,M,44,68.5
71927,141,M,48,NA
71927,145,M,55,69.4
71927,151,M,37,62.9
74330,14,M,46,57.4
74330,63,M,43,NA
74330,85,M,39,NA
74330,116,M,41,47.2
74330,173,F,43,68.5
74330,208,F,53,75.9
74862,305,M,61,87.9
74862,309,M,35,47.2
74862,310,M,51,75
74862,318,M,NA,76.8
74862,320,F,58,NA
74862,323,M,14,52.7
74862,324,M,48,48.1
74862,329,M,37,56.4
74862,332,M,52,68.5
74862,334,F,50,73.1
74862,338,M,NA,87.9
74862,347,M,49,75.9
74862,353,M,56,53.7
74862,360,M,73,92.5
74862,371,F,51,75.9
74862,375,F,57,87
74862,379,F,46,64.8
74862,383,F,46,75.9
74862,387,F,55,82.4
74862,397,F,34,60.1
74862,403,F,51,66.6
74862,406,F,38,90.7
74862,407,F,35,58.3
74862,409,M,39,NA
74862,415,F,67,85.1
74862,418,M,68,84.2
74862,427,F,60,93.5
74862,428,F,66,93.5
74862,436,F,43,78.7
74862,437,F,43,67.5
74862,446,M,39,78.7
74862,448,M,44,80.5
74862,454,M,NA,59.2
74862,458,F,46,87
74862,460,F,36,62.9
74862,462,F,46,78.7
74862,463,F,55,95.3
74862,467,F,NA,93.5
74862,469,M,25,48.1
74862,471,F,45,46.2
74874,35,F,55,91.6
74874,48,F,62,92.5
74874,49,M,60,86.1
74874,50,F,28,80.5
74874,51,F,22,80.5
74874,57,F,40,NA
74874,58,F,52,88.8
74874,59,F,51,NA
74874,60,F,48,91.6
74874,61,F,NA,87.9
74874,62,F,NA,94.4
74874,63,F,60,96.2
74874,64,F,50,83.3
74874,66,F,57,87.9
74874,67,F,NA,79.6
74874,69,F,53,85.1
74874,72,M,49,85.1
74874,73,F,40,87
74874,76,F,46,83.3
74874,79,F,NA,80.5
74874,81,F,44,NA
74874,82,F,43,93.5
74874,83,F,NA,81.4
74874,84,M,37,73.1
74874,86,F,NA,92.5
76531,1,M,64,48.1
76531,30,F,36,62
76531,49,F,61,64.8
76531,53,M,38,62.9
76531,60,M,49,NA
76531,95,F,23,46.2
76631,4,F,39,65.7
76631,6,F,43,69.4
76631,12,M,45,55.5
76631,23,F,41,81.4
76631,29,F,37,78.7
76631,56,F,40,84.2
76631,76,F,51,79.6
76631,79,F,NA,84.2
76631,86,F,61,72.2
76631,88,F,51,88.8
76631,100,F,32,70.3
76631,106,M,43,78.7
76631,109,F,55,83.3
76631,119,M,44,31.4
76631,125,M,43,69.4
76631,127,F,43,NA
76631,130,M,38,81.4
76631,133,F,49,87.9
76631,139,M,58,78.7
76631,150,M,50,82.4
76631,155,F,57,76.8
76631,161,M,38,84.2
76631,165,F,36,81.4
76631,185,F,52,79.6
76631,188,F,60,NA
76631,193,M,NA,72.2
76631,201,F,40,92.5
76631,202,F,57,99
76631,206,M,46,38.8
76631,212,F,90,96.2
76631,221,F,NA,76.8
76631,223,F,53,75.9
76631,250,M,45,69.4
77207,5001,F,NA,82.4
77207,5002,F,34,74
77207,5004,F,34,60.1
77207,5005,M,35,78.7
77207,5008,F,35,81.4
77207,5013,F,28,68.5
77207,5018,M,33,86.1
77207,5019,F,23,62.9
77207,5023,M,23,NA
77207,5025,F,27,62.9
77207,5031,F,40,61.1
77207,5037,F,34,65.7
77207,5038,M,31,79.6
77207,5041,M,36,62.9
77207,5042,F,40,69.4
77207,5043,M,27,64.8
77207,5044,F,25,75.9
77207,5055,F,27,64.8
77207,5059,M,37,74
77207,5062,M,NA,75
77207,5063,F,NA,79.6
84707,5,F,60,87.9
84707,16,M,64,NA
84772,2,F,53,NA
84772,7,F,56,90.7
84772,12,F,58,72.2
84772,17,M,NA,88.8
84772,24,F,61,94.4
84772,27,F,65,91.6
84772,29,M,53,67.5
84772,31,F,58,90.7
84772,43,M,48,NA
84772,48,F,65,82.4
84772,49,M,NA,74
84772,52,M,62,77.7
84772,58,M,55,83.3
84772,63,F,60,97.2
84772,66,F,59,91.6
84772,75,F,53,NA
84772,85,F,NA,90.7
84772,95,F,65,94.4
84772,104,M,65,60.1
84772,105,M,48,NA
84772,111,M,71,NA
84772,114,M,66,82.4
