"Date","Archibald.Park","Beach.Rd","Carlton.Gore.Rd","Curran.St","Dominion.Rd","East.Coast.Rd","Franklin.Rd","GI.TO.TAMAKI.DR.SECTION.1","Grafton.Bridge","Grafton.Gully","Grafton.Rd","Great.South.Rd","Highbrook","Hopetoun.St","Karangahape.Rd","Lagoon.Dr","Lake.Rd","Lake.Rd.New","Leigh.Rd.Shared.Path","Lightpath","Mangere.Bridge","Mangere.Safe.Routes","Nelson.St","NW.Cycleway.Kingsland","NW.Cycleway.TeAtatu","Oceanview.Rd","Orewa.Path","Ormiston.Rd","Quay.St.Spark.Arena","Quay.St.Eco.Display.Classic","Queen.St.Pukekohe","Rankin.Ave","Saint.Lukes.Rd","SH20A.Shared.Path","SW.Shared.Path","Symonds.St","Tamaki.Dr","TeAtatu.Peninsula","TeWero.Bridge.Bike","Twin.Streams","Upper.Harbour","Upper.Queen.St","Waterview.Unitec","Westhaven.Dr","Victoria.St.West"
"Wed  1 Apr 2020",102,176,127,657,236,299,176,134,718,223,16,64,58,65,420,338,26,654,67,240,465,34,171,561,974,184,601,45,819,496,76,60,389,31,319,187,1489,196,49,343,271,63,429,NA,NA
"Thu  2 Apr 2020",111,152,141,730,197,275,162,162,737,212,22,47,54,63,396,231,23,654,74,252,473,28,196,566,912,192,560,46,836,463,60,75,365,26,310,158,1405,191,49,286,269,62,374,NA,NA
"Fri  3 Apr 2020",91,119,118,603,200,246,132,149,627,176,20,49,65,59,412,242,30,631,80,234,430,38,185,547,922,228,555,53,888,456,85,44,394,23,310,184,1436,177,68,306,236,58,440,NA,NA
"Sat  4 Apr 2020",85,216,127,1040,271,359,203,163,202,366,30,51,61,64,553,454,34,865,78,363,708,29,293,831,1263,241,579,55,1336,656,99,66,624,56,465,221,2202,242,94,311,441,65,689,NA,NA
"Sun  5 Apr 2020",119,211,167,1207,309,397,227,215,202,379,20,42,45,64,599,412,38,925,92,482,713,17,316,832,1236,195,628,58,1486,714,99,44,689,53,428,223,2185,274,103,343,417,70,725,NA,NA
"Mon  6 Apr 2020",89,128,100,485,172,278,107,133,679,166,13,39,61,47,362,262,30,549,48,197,452,30,140,498,710,205,521,58,681,381,70,45,377,44,266,171,921,163,36,247,204,43,401,NA,NA
"Tue  7 Apr 2020",98,140,127,765,221,323,150,185,789,211,28,45,52,54,421,302,22,577,79,262,475,39,198,588,928,195,583,64,803,514,53,54,503,44,344,190,1293,197,45,308,274,78,444,NA,NA
"Wed  8 Apr 2020",59,99,72,420,141,233,76,98,720,142,15,48,38,47,313,215,32,426,42,148,279,29,122,375,617,194,384,52,521,290,48,26,295,28,181,133,722,133,21,207,141,56,287,NA,NA
"Thu  9 Apr 2020",44,61,75,238,105,123,65,79,748,96,10,40,17,33,229,153,11,249,52,85,162,15,87,245,275,199,285,33,333,209,23,29,227,20,107,95,459,55,8,77,89,47,163,NA,NA
"Fri 10 Apr 2020",134,250,179,1281,294,515,199,260,635,436,24,39,52,78,642,464,27,937,134,491,775,18,378,842,1250,232,780,67,1193,744,106,59,786,38,481,282,2250,240,87,376,407,73,612,NA,NA
"Sat 11 Apr 2020",120,244,181,1052,307,421,215,235,199,387,23,46,57,87,608,436,46,899,103,419,762,29,273,829,1326,237,622,73,1393,753,83,62,681,47,446,241,2273,216,97,345,368,100,576,NA,NA
"Sun 12 Apr 2020",109,193,156,970,311,381,197,190,196,287,23,36,53,74,598,313,51,713,90,458,535,15,292,810,1110,192,549,52,1081,518,61,48,624,39,410,222,1692,221,60,334,341,64,551,NA,NA
"Mon 13 Apr 2020",83,110,74,391,141,139,74,120,694,164,17,27,27,33,274,152,21,366,50,188,254,12,159,405,414,210,310,25,439,286,24,29,298,22,235,99,666,86,32,120,78,47,243,NA,NA
"Tue 14 Apr 2020",67,57,45,165,75,118,58,70,804,67,5,17,18,17,195,108,4,206,36,92,124,15,74,211,251,194,171,34,258,160,24,27,186,13,114,77,302,61,13,104,59,32,156,NA,NA
"Wed 15 Apr 2020",52,86,85,272,137,172,67,71,736,119,17,27,15,32,282,155,18,427,36,131,177,13,95,379,462,189,304,22,387,207,19,28,272,20,146,140,567,78,9,83,130,42,195,NA,NA
"Thu 16 Apr 2020",69,105,99,454,142,215,63,89,751,151,20,36,35,45,321,129,31,474,49,167,243,21,132,420,495,201,274,27,633,287,19,31,306,19,208,139,730,95,35,179,133,41,200,NA,NA
"Fri 17 Apr 2020",72,62,53,305,123,163,75,79,635,99,17,39,39,21,238,155,20,402,35,142,208,17,108,283,455,234,285,28,411,194,27,24,268,19,154,90,579,93,13,140,102,37,216,NA,NA
"Sat 18 Apr 2020",85,208,112,824,227,300,168,216,199,296,20,43,57,57,513,273,45,701,78,406,479,18,295,726,877,251,395,41,1063,492,49,54,586,37,408,200,1384,178,90,266,248,66,528,NA,NA
"Sun 19 Apr 2020",66,223,167,932,285,418,196,215,196,426,30,66,58,55,646,431,35,887,92,484,745,10,324,824,947,199,611,48,1427,637,77,50,527,59,404,242,2064,193,103,221,392,79,585,NA,NA
"Mon 20 Apr 2020",72,112,122,558,179,193,102,124,694,167,21,51,36,55,355,320,33,452,54,291,348,31,153,489,769,215,456,31,773,417,54,22,363,33,197,175,1160,146,46,243,177,53,240,NA,NA
"Tue 21 Apr 2020",70,133,121,697,198,266,109,141,805,195,18,45,54,51,442,296,24,610,24,252,435,35,180,561,834,197,387,46,780,436,57,62,416,48,239,167,1250,167,60,271,243,69,346,NA,NA
"Wed 22 Apr 2020",99,185,157,905,283,374,152,190,736,295,32,52,67,64,521,512,18,791,111,352,622,19,222,794,1166,189,676,57,1295,715,72,53,585,62,418,216,1825,237,69,340,377,83,450,NA,NA
"Thu 23 Apr 2020",41,111,95,527,192,193,91,129,754,165,19,34,52,48,397,301,20,499,46,212,358,33,149,483,613,201,406,40,685,360,45,27,403,34,219,160,950,131,33,189,201,55,290,NA,NA
"Fri 24 Apr 2020",98,172,160,820,213,334,126,194,636,254,19,48,67,76,493,383,33,722,69,323,543,32,243,688,1076,233,586,58,1142,661,63,39,453,48,347,215,1730,197,96,315,284,103,410,NA,NA
"Sat 25 Apr 2020",84,292,201,1231,329,465,211,249,199,480,33,49,74,88,769,533,47,883,121,611,868,18,438,1022,1285,252,575,64,1779,989,80,69,734,55,471,251,2574,234,158,436,459,121,617,NA,NA
"Sun 26 Apr 2020",124,312,164,1386,376,438,241,220,196,496,31,44,63,81,772,523,50,1058,92,609,903,13,438,1087,1449,199,716,64,1923,1011,106,81,742,59,515,307,2693,293,149,517,468,106,840,NA,NA
"Mon 27 Apr 2020",77,301,110,1398,359,409,236,272,694,455,45,58,71,97,749,683,53,1057,92,671,1132,26,414,1115,1420,215,786,52,2038,1106,79,56,724,71,628,292,2928,282,125,519,488,95,763,NA,NA
"Tue 28 Apr 2020",52,122,115,340,133,175,85,95,805,166,25,71,34,57,257,244,15,489,25,249,288,29,181,585,754,197,422,48,467,400,37,25,295,21,204,174,795,116,41,230,180,88,280,NA,NA
"Wed 29 Apr 2020",55,161,118,532,190,180,113,114,735,179,31,60,33,65,276,301,20,540,36,239,395,31,216,625,866,189,441,48,652,538,34,38,346,50,263,192,1147,148,38,274,195,88,339,NA,NA
"Thu 30 Apr 2020",59,145,113,445,187,194,119,83,754,197,27,56,32,70,263,292,8,470,48,213,397,28,215,645,856,201,359,46,664,538,32,37,317,44,283,185,1099,140,37,309,197,84,312,NA,NA
"Sat  1 Aug 2020",18,110,111,150,136,69,75,31,281,156,81,44,18,65,124,199,4,621,20,169,406,55,197,472,596,72,56,31,312,334,6,15,138,13,155,137,NA,42,246,141,154,76,227,NA,NA
"Sun  2 Aug 2020",15,126,85,207,131,91,80,46,247,195,62,89,22,49,115,171,3,572,12,148,393,16,145,453,488,80,205,28,378,370,10,19,121,25,199,116,NA,53,302,181,166,74,321,NA,NA
"Mon  3 Aug 2020",16,390,454,230,512,121,201,34,870,604,204,70,37,191,321,301,8,644,22,671,297,18,777,1392,712,94,277,26,1003,1090,9,34,264,24,208,377,NA,121,475,80,75,328,423,NA,NA
"Tue  4 Aug 2020",23,443,543,353,514,155,267,53,1019,682,250,88,32,209,374,406,7,808,18,775,406,37,950,1628,972,136,357,40,1323,1409,12,36,300,36,234,445,NA,134,719,101,160,321,461,NA,NA
"Wed  5 Aug 2020",15,438,465,323,522,147,235,47,960,596,207,75,44,185,349,326,7,1049,19,709,400,19,833,1492,839,120,306,38,1089,1292,8,30,289,34,223,439,NA,114,614,72,179,314,404,NA,NA
"Thu  6 Aug 2020",5,362,438,278,489,116,228,46,875,584,212,80,30,187,277,341,6,920,14,659,293,30,758,1332,698,115,260,56,933,1125,14,28,292,38,211,371,NA,97,520,69,92,330,392,NA,NA
"Fri  7 Aug 2020",10,253,272,184,334,78,160,36,621,412,177,58,14,137,193,310,9,949,6,453,212,21,549,937,424,118,181,26,629,803,8,19,207,13,134,320,NA,88,363,51,59,224,267,NA,NA
"Sat  8 Aug 2020",28,111,85,161,102,60,79,33,205,152,75,34,6,41,98,232,9,502,23,147,256,29,142,345,315,78,182,27,296,541,9,9,110,7,105,96,NA,40,335,100,113,69,213,NA,NA
"Sun  9 Aug 2020",32,225,121,385,164,140,105,84,296,288,89,73,31,37,122,376,12,656,42,343,494,13,328,670,1073,98,474,36,774,538,8,20,204,32,277,162,NA,125,607,223,349,97,543,NA,NA
"Mon 10 Aug 2020",18,362,414,206,506,93,236,34,809,567,209,77,50,188,259,312,14,740,38,688,272,19,823,1323,686,122,246,36,946,1084,15,31,244,27,184,373,NA,117,368,70,69,281,379,NA,NA
"Tue 11 Aug 2020",2,185,216,78,225,35,129,9,439,286,146,56,8,114,151,191,5,497,7,360,109,11,427,655,259,74,50,27,380,380,5,14,126,16,71,185,NA,57,136,14,14,145,144,NA,NA
"Wed 12 Aug 2020",47,113,147,269,173,105,120,54,408,181,91,55,14,67,145,283,22,458,18,238,221,24,265,520,483,60,215,30,425,365,16,23,186,16,146,174,NA,58,167,133,105,147,365,NA,NA
"Thu 13 Aug 2020",63,164,153,583,208,197,125,100,414,234,94,51,43,53,190,379,19,752,29,203,394,14,214,647,808,64,471,47,819,664,32,29,225,44,308,173,NA,107,363,263,252,130,620,NA,NA
"Fri 14 Aug 2020",37,112,115,338,164,149,98,59,363,158,53,60,31,56,131,272,13,603,25,153,303,8,160,505,592,57,256,42,499,385,11,20,189,24,242,127,NA,96,227,172,173,84,396,NA,NA
"Sat 15 Aug 2020",106,360,218,1040,295,308,203,223,511,570,107,72,52,76,235,724,36,986,80,632,1057,11,547,1262,2018,55,846,70,1654,924,31,39,482,41,631,216,NA,280,828,472,549,167,1278,NA,NA
"Sun 16 Aug 2020",74,320,186,1197,313,315,168,279,557,531,94,81,52,65,263,686,29,935,86,684,1292,26,526,1444,1985,51,944,63,1829,1389,35,39,569,59,672,252,NA,275,866,615,612,143,1306,NA,NA
"Mon 17 Aug 2020",65,130,146,293,146,138,112,88,372,157,63,58,25,48,143,194,8,569,33,174,247,18,189,542,684,49,359,41,504,458,23,36,198,34,220,174,NA,95,215,217,135,103,409,NA,NA
"Tue 18 Aug 2020",13,107,120,207,138,99,58,63,349,144,70,68,18,53,122,201,8,436,28,166,194,14,155,407,426,48,171,38,300,232,18,27,160,17,124,121,NA,62,154,95,88,97,237,NA,NA
"Wed 19 Aug 2020",6,34,57,119,80,52,49,29,147,49,56,26,6,36,63,146,6,248,18,59,96,7,84,168,162,16,104,19,137,102,11,16,63,9,87,69,NA,30,85,36,52,44,128,NA,NA
"Thu 20 Aug 2020",37,104,118,307,149,94,62,72,359,153,80,50,36,60,137,237,10,465,27,176,257,3,166,426,539,56,373,31,466,379,12,23,168,24,139,117,NA,88,210,154,151,81,352,NA,NA
"Fri 21 Aug 2020",10,89,104,208,109,83,67,60,272,121,83,58,20,58,124,187,13,366,19,172,145,19,158,373,333,46,316,32,338,287,6,14,159,14,130,111,NA,42,187,118,94,75,284,NA,NA
"Sat 22 Aug 2020",63,432,226,1099,308,342,146,264,631,716,108,76,40,69,261,693,39,965,108,701,1312,20,575,1580,1992,47,976,68,1782,1251,37,39,505,65,705,222,NA,266,980,576,617,116,1490,NA,NA
"Sun 23 Aug 2020",54,256,142,782,221,265,123,185,408,391,63,63,39,35,190,507,5,720,77,464,872,7,390,999,1339,37,679,47,1286,992,21,28,373,35,453,158,NA,160,773,307,488,71,954,NA,NA
"Mon 24 Aug 2020",18,80,80,138,111,65,61,79,254,85,66,33,22,38,87,199,7,331,34,126,150,16,115,309,271,45,265,25,264,234,17,28,131,22,115,109,NA,36,180,95,48,58,218,NA,NA
"Tue 25 Aug 2020",17,69,83,126,110,50,53,40,235,92,45,39,23,53,78,165,9,316,16,87,142,15,110,278,221,54,110,31,236,179,13,12,121,6,78,98,NA,35,122,49,47,75,179,NA,NA
"Wed 26 Aug 2020",32,130,97,271,128,123,60,63,326,161,76,59,19,59,103,241,22,494,30,153,238,10,161,470,551,51,328,33,408,331,13,22,175,15,212,120,NA,62,264,158,104,84,367,NA,NA
"Thu 27 Aug 2020",8,95,105,276,122,83,78,49,271,111,51,53,17,63,120,223,5,466,14,145,216,9,149,359,422,51,229,32,381,291,10,17,133,15,122,115,NA,50,259,74,100,68,244,NA,NA
"Fri 28 Aug 2020",29,175,161,431,200,142,92,124,441,260,85,59,27,69,171,249,16,636,45,256,433,20,250,711,875,66,480,55,761,647,34,38,245,29,329,185,NA,108,444,264,194,103,603,NA,NA
"Sat 29 Aug 2020",61,462,193,1131,297,312,181,233,638,763,126,63,54,71,290,661,28,973,116,691,1401,15,522,1569,2101,63,983,49,1813,1434,36,48,459,76,703,221,NA,293,1151,659,670,141,1333,NA,NA
"Sun 30 Aug 2020",42,415,190,915,257,300,110,190,554,632,81,79,74,59,205,713,23,946,105,596,1222,12,419,1405,1969,67,942,50,1483,1156,26,38,416,60,740,203,NA,244,974,500,564,119,1295,NA,NA
"Mon 31 Aug 2020",7,224,246,171,333,107,161,43,532,330,115,65,31,127,201,274,14,685,15,420,248,26,467,891,588,102,351,38,691,700,10,26,194,45,174,280,NA,97,350,90,71,174,329,NA,NA
"Tue  1 Dec 2020",39,365,412,206,405,120,312,30,767,507,98,58,41,189,NA,294,24,202,21,634,266,35,813,1327,705,106,217,38,948,1212,15,53,297,38,197,335,NA,119,404,123,82,280,422,711,NA
"Wed  2 Dec 2020",31,498,521,275,515,161,336,53,905,616,110,74,45,230,NA,483,39,286,15,769,409,27,1026,1673,1134,171,290,70,1326,1636,12,52,351,58,302,363,NA,182,486,155,186,354,542,959,NA
"Thu  3 Dec 2020",4,380,494,180,469,111,303,40,817,521,115,72,43,180,NA,314,19,312,8,694,312,19,876,1338,656,112,221,64,1007,1253,8,37,262,48,210,298,NA,110,352,80,109,296,377,870,NA
"Fri  4 Dec 2020",12,401,351,188,385,134,293,69,725,478,94,60,44,158,NA,362,18,288,11,573,290,26,758,1210,694,148,185,72,1009,1243,9,59,314,26,214,271,NA,106,522,78,109,295,408,847,NA
"Sat  5 Dec 2020",6,259,134,305,187,154,133,68,327,363,44,68,35,89,NA,291,9,281,48,245,573,28,270,706,1047,181,287,38,731,806,5,37,180,15,213,161,NA,81,500,172,359,148,421,905,NA
"Sun  6 Dec 2020",15,205,108,310,194,152,128,54,324,282,48,56,25,71,NA,320,6,237,53,296,528,20,308,720,903,138,431,32,933,909,14,41,182,16,290,143,NA,88,524,204,339,95,503,1005,NA
"Mon  7 Dec 2020",22,479,444,223,490,103,297,34,896,576,89,82,41,210,NA,319,16,230,7,733,330,28,901,1562,833,146,198,58,1193,1326,15,51,322,23,203,310,NA,142,392,120,118,338,444,802,NA
"Tue  8 Dec 2020",22,524,486,252,509,148,361,57,910,631,92,64,44,201,NA,394,25,243,6,783,308,36,950,1627,915,153,244,70,1327,1522,13,43,329,37,198,325,NA,137,525,84,164,318,425,816,NA
"Wed  9 Dec 2020",6,482,457,230,469,119,313,44,926,596,101,66,39,175,NA,343,30,285,28,696,319,45,922,1548,871,157,214,94,1210,1421,23,41,325,38,210,334,NA,124,477,81,150,332,397,827,NA
"Thu 10 Dec 2020",12,358,439,246,409,117,289,37,685,462,88,64,38,196,NA,330,9,229,17,632,223,21,860,1230,561,118,158,76,985,1279,15,39,250,24,181,273,NA,107,492,107,78,310,349,815,NA
"Fri 11 Dec 2020",5,391,388,263,423,115,315,36,730,481,87,62,38,161,NA,307,11,266,25,587,333,64,761,1228,778,180,193,54,1045,1306,15,49,270,41,247,288,NA,129,547,91,116,275,407,941,NA
"Sat 12 Dec 2020",39,156,131,163,139,129,171,44,326,216,41,74,35,87,NA,259,9,207,28,243,452,35,256,527,630,198,252,52,638,740,15,38,149,33,197,121,NA,62,454,124,332,105,380,872,NA
"Sun 13 Dec 2020",21,235,123,51,153,117,148,32,305,302,43,60,18,63,NA,210,6,168,51,239,320,20,269,535,578,144,287,34,674,716,8,36,144,39,229,88,NA,62,510,194,278,107,374,896,NA
"Mon 14 Dec 2020",32,489,465,176,520,112,343,59,898,599,105,52,46,193,NA,339,19,225,14,808,313,40,971,1608,924,143,273,68,1335,1496,15,43,366,40,225,335,NA,130,598,97,156,334,510,944,NA
"Tue 15 Dec 2020",34,490,515,409,509,153,342,43,1003,625,110,64,44,203,NA,343,15,252,33,817,380,36,1056,1638,960,174,258,62,1401,1604,18,49,363,49,243,260,NA,119,645,145,193,318,459,1053,NA
"Wed 16 Dec 2020",28,485,447,302,478,124,335,58,834,563,119,70,27,209,NA,285,14,240,24,819,354,44,1073,1522,855,181,220,72,1254,1556,12,34,317,39,245,238,NA,140,650,137,158,326,488,984,NA
"Thu 17 Dec 2020",20,424,512,193,423,105,294,49,896,557,86,54,37,213,NA,244,7,290,24,739,288,22,948,1379,816,183,221,70,1262,1630,21,39,313,32,195,190,NA,109,667,91,137,353,413,1060,NA
"Fri 18 Dec 2020",30,378,390,261,372,115,317,77,721,452,96,60,32,179,NA,208,2,229,37,572,244,21,782,1097,693,156,197,62,1304,1527,14,42,263,31,185,195,NA,101,580,82,124,298,371,869,NA
"Sat 19 Dec 2020",17,216,189,337,226,136,183,71,369,278,35,50,17,89,NA,297,8,220,48,321,531,49,339,744,875,172,312,46,927,1086,11,34,193,27,163,107,NA,94,690,160,313,122,388,880,NA
"Sun 20 Dec 2020",31,215,153,377,172,136,154,32,354,284,47,52,40,75,NA,246,4,223,17,305,493,19,377,652,955,160,374,74,1100,1110,12,31,207,23,212,96,NA,83,757,176,347,101,421,941,NA
"Mon 21 Dec 2020",19,368,370,231,389,99,258,73,710,456,87,68,48,179,NA,250,10,189,14,672,311,27,787,1217,786,152,183,66,1093,1160,16,49,286,41,210,171,NA,102,481,169,113,278,475,697,NA
"Tue 22 Dec 2020",12,327,353,207,336,101,284,35,607,365,67,74,42,165,NA,232,4,218,22,457,266,33,631,1005,672,150,199,60,949,1083,12,59,246,44,177,161,NA,77,475,92,137,275,372,680,NA
"Wed 23 Dec 2020",15,271,224,230,290,90,242,40,492,291,59,62,39,135,NA,246,9,227,13,381,248,34,503,832,694,154,203,86,870,927,15,43,198,45,142,148,NA,75,441,108,9,214,307,707,NA
"Thu 24 Dec 2020",4,145,124,112,102,75,120,6,286,163,18,40,9,83,NA,118,5,132,20,133,170,38,186,379,337,93,175,28,413,503,11,27,138,23,110,71,NA,44,237,74,0,98,262,553,NA
"Fri 25 Dec 2020",31,64,43,137,59,70,33,18,157,85,17,18,15,29,NA,113,8,111,12,109,108,20,134,247,326,59,243,24,377,318,2,16,81,26,84,46,NA,36,211,139,0,44,210,566,NA
"Sat 26 Dec 2020",15,148,95,182,75,129,68,24,259,212,34,32,16,47,NA,190,7,169,77,178,192,24,190,456,590,135,399,20,576,593,13,29,144,36,205,69,NA,60,455,279,0,64,381,822,NA
"Sun 27 Dec 2020",15,241,85,252,133,115,84,30,240,293,39,58,26,55,NA,252,4,186,132,286,417,22,315,558,826,171,599,38,855,922,19,39,165,19,212,74,NA,82,544,282,285,115,451,705,NA
"Mon 28 Dec 2020",26,156,111,202,127,131,104,42,212,225,41,32,26,50,NA,230,12,170,97,278,216,29,291,589,639,181,604,28,818,827,15,36,154,5,170,68,NA,68,597,209,198,96,420,777,NA
"Tue 29 Dec 2020",25,201,121,213,103,117,101,30,291,246,40,40,14,58,NA,191,3,146,154,259,302,39,278,589,663,174,529,34,683,749,10,47,132,12,158,89,NA,62,504,239,124,110,355,819,NA
"Wed 30 Dec 2020",27,182,127,218,139,121,102,37,340,243,46,58,36,63,NA,221,7,140,110,235,289,36,290,534,694,171,479,36,773,887,19,33,154,13,200,91,NA,57,536,192,0,118,417,891,NA
"Thu 31 Dec 2020",18,186,112,223,150,91,94,59,295,200,38,50,19,49,NA,217,16,154,99,228,322,55,275,527,611,171,491,28,761,888,19,38,135,38,185,73,NA,56,541,154,0,106,391,633,NA
"Sat  1 Feb 2020",28,98,137,395,226,217,156,62,356,388,42,87,18,85,312,432,32,531,47,427,717,47,305,819,1040,252,558,84,1004,1027,13,29,183,27,300,216,1450,107,1069,179,411,160,340,NA,161
"Sun  2 Feb 2020",45,240,113,402,193,163,136,49,247,355,28,80,33,78,231,416,26,470,32,404,609,37,310,789,1300,152,531,84,1028,1163,8,28,177,57,293,190,1489,107,1147,257,465,121,437,NA,161
"Mon  3 Feb 2020",21,490,449,370,633,156,370,45,881,737,104,79,72,232,550,346,13,485,9,1164,452,33,828,1933,1172,174,411,73,1622,1033,10,60,319,47,307,430,1700,158,1662,164,177,331,386,NA,119.8
"Tue  4 Feb 2020",25,532,519,408,574,172,382,45,988,792,116,85,64,245,581,523,24,588,10,1124,479,49,668,2103,1248,219,446,65,1624,1207,13,51,350,69,335,465,1866,171,1458,122,221,326,399,NA,119.8
"Wed  5 Feb 2020",37,517,440,349,565,159,349,42,877,751,110,89,42,215,564,407,29,582,9,1004,400,65,1158,1861,1062,259,372,74,1498,1157,11,38,295,57,289,459,1685,165,963,127,157,354,329,NA,119.8
"Thu  6 Feb 2020",47,245,114,385,222,185,100,73,341,354,37,113,24,62,251,188,36,449,74,452,559,33,364,890,1165,248,859,58,1192,981,14,45,188,45,345,179,1740,85,1426,343,461,144,427,NA,119.8
"Fri  7 Feb 2020",35,311,273,273,388,133,235,39,627,535,85,80,20,166,473,210,34,505,16,715,350,33,771,1298,835,263,413,60,1203,1165,12,55,236,31,242,348,1470,102,1288,168,171,281,293,NA,119.8
"Sat  8 Feb 2020",20,135,137,372,188,189,112,97,320,286,36,76,13,68,287,228,9,488,72,345,575,70,330,694,1128,199,491,45,886,819,16,26,142,23,257,203,1358,90,1271,255,310,153,307,NA,161
"Sun  9 Feb 2020",20,273,99,399,172,169,99,67,323,385,33,99,16,59,291,208,10,469,29,354,666,24,307,798,1323,251,598,66,940,810,12,18,199,56,310,172,1495,95,808,253,389,111,404,NA,161
"Mon 10 Feb 2020",29,518,451,365,574,171,333,44,933,750,107,105,62,264,547,200,38,527,17,1224,446,37,1293,2033,1245,180,367,84,1665,1666,10,57,316,51,321,475,1778,176,762,135,140,454,379,NA,119.8
"Tue 11 Feb 2020",27,569,531,426,646,177,367,51,1075,823,121,93,71,232,576,229,31,614,24,1282,474,34,1415,2195,1308,218,438,82,1767,1761,16,55,319,56,359,501,1913,182,867,162,277,450,415,NA,119.8
"Wed 12 Feb 2020",31,509,453,431,618,148,342,59,953,787,133,89,64,237,622,204,23,649,13,1188,467,46,1293,2074,1264,162,490,76,1823,1846,18,53,353,77,373,487,1989,178,1345,157,220,440,379,NA,119.8
"Thu 13 Feb 2020",32,502,470,423,583,178,373,48,999,817,114,105,63,218,543,126,30,632,15,1139,388,39,1278,2073,1275,243,443,81,1636,1862,24,53,317,55,322,500,1906,180,1089,178,203,401,388,NA,119.8
"Fri 14 Feb 2020",30,419,385,399,520,158,357,53,854,678,119,101,64,216,546,321,24,528,10,1023,388,50,1172,1738,1002,218,403,74,1453,1748,15,51,310,51,270,444,1655,154,891,122,144,370,329,NA,119.8
"Sat 15 Feb 2020",19,114,138,302,176,179,123,80,313,311,60,82,39,89,290,385,17,509,47,353,569,40,316,652,869,255,388,68,830,872,12,25,155,30,311,184,1292,74,736,247,376,130,296,NA,161
"Sun 16 Feb 2020",25,234,125,349,194,114,141,67,308,362,27,104,22,73,289,358,14,376,51,323,542,25,293,780,1182,217,513,76,953,911,12,33,163,43,277,182,1352,115,727,207,305,142,407,NA,161
"Mon 17 Feb 2020",7,505,447,362,642,147,388,42,951,921,125,117,62,239,598,333,32,568,17,1231,439,32,1342,2090,1175,216,407,60,1552,1932,8,57,344,49,322,503,1743,175,919,106,156,426,374,NA,119.8
"Tue 18 Feb 2020",19,551,532,439,646,148,383,56,1042,841,115,100,67,252,639,433,40,625,18,1242,434,44,1382,2242,1352,210,472,82,1645,1980,18,60,361,70,327,520,1945,188,1152,236,224,463,402,NA,119.8
"Wed 19 Feb 2020",19,503,480,412,644,192,343,53,1011,813,122,101,71,226,614,405,34,631,1,1055,471,34,1289,2151,1331,209,408,78,1667,1893,8,72,339,82,315,537,1766,175,952,219,169,446,347,NA,119.8
"Thu 20 Feb 2020",22,496,493,419,621,162,381,48,983,781,122,82,81,230,543,278,28,585,11,1109,514,31,1285,2039,1221,222,420,86,1576,1871,12,52,321,91,298,505,1866,166,899,120,192,399,384,NA,119.8
"Fri 21 Feb 2020",21,523,381,380,544,144,340,39,827,779,115,103,55,242,500,307,30,487,18,996,455,62,1125,1789,1161,254,295,89,1429,1754,20,51,271,110,277,479,1737,165,912,168,149,379,339,NA,119.8
"Sat 22 Feb 2020",21,110,87,161,99,126,98,53,201,141,41,60,9,87,161,374,32,330,36,151,393,33,138,400,502,142,256,54,398,465,7,21,90,99,86,122,818,17,345,107,176,101,118,NA,161
"Sun 23 Feb 2020",28,273,130,349,177,157,114,73,308,386,46,82,17,75,247,330,25,434,39,407,610,13,361,883,1186,176,580,63,966,1183,11,30,146,98,316,181,1396,101,730,174,469,130,425,NA,161
"Mon 24 Feb 2020",27,521,448,354,671,138,397,47,930,774,108,85,65,275,565,310,26,540,27,1151,506,44,1311,2124,1227,204,427,76,1568,1746,16,61,342,135,283,532,1756,159,777,184,145,357,354,NA,119.8
"Tue 25 Feb 2020",40,530,565,388,657,161,444,60,1096,835,133,108,60,279,641,409,35,644,19,1264,546,48,1435,2478,1388,215,432,77,1612,1910,17,60,310,124,370,553,2002,189,852,204,264,376,391,NA,119.8
"Wed 26 Feb 2020",24,511,468,433,640,155,411,54,1055,812,134,85,61,227,614,385,39,560,13,1105,470,40,1322,2209,1438,195,445,66,1661,1933,12,50,359,117,340,559,1877,198,905,134,180,354,378,NA,119.8
"Thu 27 Feb 2020",31,520,496,424,643,170,365,46,1008,773,130,85,68,240,599,257,33,567,9,974,488,42,1331,2060,1094,210,345,59,1533,1826,25,49,319,86,328,535,1848,160,795,151,195,381,378,NA,119.8
"Fri 28 Feb 2020",18,423,375,413,523,120,390,61,847,747,111,108,66,225,572,320,14,527,15,932,425,62,1102,1887,1047,245,316,76,1449,1939,16,51,253,63,299,477,1712,166,822,136,160,357,328,NA,119.8
"Sat 29 Feb 2020",34,250,169,355,197,166,145,55,356,398,55,95,39,80,320,372,29,501,21,334,669,61,335,920,1228,311,390,67,912,1103,12,23,162,84,308,206,1422,116,725,288,393,128,393,NA,161
"Mon  1 Jun 2020",31,70,71,162,90,56,44,29,167,81,48,37,12,67,188,140,9,182,4,96,193,10,92,196,289,48,247,22,278,204,8,14,73,15,97,102,NA,45,236,105,70,61,232,NA,NA
"Tue  2 Jun 2020",20,296,315,227,351,142,187,47,614,382,131,74,35,152,448,239,19,482,21,493,305,26,545,1013,688,106,324,68,865,723,12,40,254,25,205,281,NA,120,447,131,142,248,405,NA,NA
"Wed  3 Jun 2020",5,295,295,254,348,116,185,34,595,384,126,59,36,144,414,323,23,535,18,501,362,13,557,706,659,98,301,67,947,795,9,36,236,24,214,260,NA,105,444,49,109,252,384,NA,NA
"Thu  4 Jun 2020",6,241,301,208,306,111,184,41,530,352,129,80,27,136,394,214,21,383,5,375,250,14,483,821,494,88,257,53,659,625,11,16,184,12,150,249,NA,95,363,33,69,197,292,NA,NA
"Fri  5 Jun 2020",14,214,234,220,283,106,161,43,487,257,98,62,21,135,348,242,21,438,4,339,249,14,437,694,381,101,246,52,630,612,8,24,169,10,139,207,NA,86,324,24,80,196,244,NA,NA
"Sat  6 Jun 2020",33,185,138,313,137,214,94,75,319,282,77,75,28,70,292,291,19,460,32,280,656,14,285,995,790,126,408,40,827,660,21,28,135,33,236,130,NA,67,614,157,351,100,459,NA,NA
"Sun  7 Jun 2020",18,259,136,398,168,164,84,75,340,384,53,53,18,59,350,284,20,502,59,341,572,16,315,623,1155,113,584,33,861,618,13,20,215,37,346,135,NA,121,635,205,438,97,669,NA,NA
"Mon  8 Jun 2020",9,305,334,230,357,131,194,51,654,371,116,70,41,137,392,279,31,439,21,532,315,22,567,552,654,76,298,60,866,781,14,36,238,32,157,270,NA,116,400,81,94,218,348,NA,NA
"Tue  9 Jun 2020",4,329,372,240,382,135,197,31,721,450,129,65,38,153,448,297,13,485,11,568,305,14,629,842,683,109,303,39,981,901,16,29,245,40,218,297,NA,128,517,104,122,287,422,NA,NA
"Wed 10 Jun 2020",26,342,379,323,422,138,230,40,638,472,149,72,32,166,478,320,22,566,27,616,370,31,712,736,906,80,329,42,1019,922,13,24,276,34,203,329,NA,135,537,108,157,288,468,NA,NA
"Thu 11 Jun 2020",10,338,409,282,365,145,272,43,784,461,127,64,30,180,534,305,16,569,17,604,300,14,699,897,735,103,280,41,950,931,12,32,264,29,175,317,NA,125,482,66,110,307,368,NA,NA
"Fri 12 Jun 2020",5,296,339,226,343,118,212,45,656,371,120,73,26,136,422,233,25,477,8,551,312,20,570,714,589,107,223,41,802,873,12,28,205,24,142,276,NA,88,438,79,84,206,356,NA,NA
"Sat 13 Jun 2020",23,165,151,302,175,154,106,39,338,245,97,63,35,61,312,282,13,498,46,279,582,25,261,870,902,120,382,45,699,718,11,33,191,29,292,161,NA,97,703,138,310,107,408,NA,NA
"Sun 14 Jun 2020",25,263,121,412,165,150,84,82,379,382,81,91,26,79,330,333,27,456,48,294,633,21,274,534,1076,100,452,31,763,781,12,31,203,29,344,171,NA,77,587,144,312,127,535,NA,NA
"Mon 15 Jun 2020",9,398,381,261,446,135,252,37,775,506,149,86,41,200,482,358,18,518,19,711,359,13,808,557,804,110,336,47,1102,1350,13,40,308,37,230,321,NA,145,519,140,107,305,470,NA,NA
"Tue 16 Jun 2020",1,384,432,286,481,143,287,48,859,523,175,86,40,180,562,323,16,509,13,711,387,10,849,937,829,110,305,53,1085,1286,14,30,293,67,194,359,NA,118,517,95,161,301,431,NA,NA
"Wed 17 Jun 2020",15,359,403,355,480,143,278,41,842,530,178,83,35,204,542,425,18,552,33,748,340,23,827,795,915,99,357,53,1167,1417,14,30,324,48,225,335,NA,138,613,112,127,290,279,NA,NA
"Thu 18 Jun 2020",2,211,264,125,287,62,146,14,480,299,119,47,13,130,308,217,13,265,5,415,174,14,521,957,317,62,133,44,552,687,6,17,139,13,84,186,NA,59,259,26,32,204,165,NA,NA
"Fri 19 Jun 2020",6,310,329,293,389,127,208,34,689,452,145,57,48,160,472,268,19,583,10,482,277,13,614,659,618,82,327,50,880,1116,14,24,238,27,195,321,NA,102,546,97,115,271,400,NA,NA
"Sat 20 Jun 2020",24,179,195,388,185,194,118,50,403,305,98,54,48,71,320,328,13,600,58,351,743,41,332,748,1003,134,459,46,846,945,17,43,205,73,305,188,NA,88,730,211,353,127,527,NA,NA
"Sun 21 Jun 2020",21,85,89,176,139,68,54,71,216,129,65,67,12,43,206,126,3,237,18,167,277,27,145,371,422,50,215,23,383,350,6,18,95,32,187,104,NA,65,276,110,152,79,283,NA,NA
"Mon 22 Jun 2020",10,410,402,256,476,124,213,44,802,542,178,81,38,200,474,285,20,1023,11,660,390,22,817,1298,792,98,279,46,1141,1286,7,31,286,29,189,354,NA,134,548,99,115,303,111,NA,NA
"Tue 23 Jun 2020",16,415,491,326,494,167,280,39,851,596,184,79,56,179,566,385,13,545,14,731,352,23,863,1496,1000,107,274,53,1140,1361,16,37,289,36,221,347,NA,126,603,78,164,306,344,NA,NA
"Wed 24 Jun 2020",12,315,334,236,401,97,213,33,676,425,164,70,21,173,414,264,17,421,6,629,299,18,755,1072,558,75,181,43,788,942,9,33,212,17,146,275,NA,78,411,44,70,222,294,NA,NA
"Thu 25 Jun 2020",8,250,307,161,374,81,214,29,586,361,137,51,15,154,418,200,20,357,10,447,199,8,560,852,478,70,224,52,680,846,11,33,179,13,145,262,NA,87,382,43,55,225,287,NA,NA
"Fri 26 Jun 2020",6,285,304,232,359,99,235,27,635,362,162,79,27,159,422,237,11,430,14,471,289,18,608,904,508,110,175,46,766,936,14,35,235,13,146,268,NA,67,424,47,56,233,279,NA,NA
"Sat 27 Jun 2020",7,49,42,87,63,48,58,17,150,79,70,43,8,54,134,76,13,142,0,84,121,22,90,146,189,67,141,36,198,234,9,15,62,2,65,65,NA,19,154,47,48,53,111,NA,NA
"Sun 28 Jun 2020",12,184,90,296,128,143,73,33,252,223,88,96,15,53,192,214,14,365,54,170,483,9,215,501,707,66,471,21,534,503,7,16,128,30,225,149,NA,52,407,109,302,80,322,NA,NA
"Mon 29 Jun 2020",1,298,295,144,371,88,173,23,618,405,138,59,21,154,386,249,17,360,13,516,212,12,595,930,451,66,193,44,744,865,5,19,187,11,114,247,NA,65,324,46,43,215,204,NA,NA
"Tue 30 Jun 2020",8,359,377,260,417,124,212,38,748,497,167,78,37,158,470,277,16,420,12,614,322,12,709,1263,709,125,287,49,954,1184,7,24,266,41,210,298,NA,112,469,56,133,237,331,NA,NA
"Sun  1 Mar 2020",18,249,130,400,185,134,110,43,305,379,38,91,23,60,296,340,24,452,55,673,538,23,371,846,1129,NA,555,57,964,962,23,30,147,53,258,195,1484,75,746,278,450,87,400,NA,53
"Mon  2 Mar 2020",14,569,463,334,672,132,387,51,1010,893,132,53,62,217,582,386,36,513,16,1177,408,31,1256,2112,1078,NA,278,65,1517,1836,16,63,378,48,264,574,1609,169,714,190,131,394,348,NA,241
"Tue  3 Mar 2020",18,552,549,401,692,143,394,59,1133,880,142,37,65,275,665,430,33,571,6,1165,439,47,1332,2160,1170,NA,392,74,1580,1829,7,45,356,59,297,613,1836,143,751,148,184,406,387,NA,249
"Wed  4 Mar 2020",22,474,426,361,597,125,320,40,952,737,108,40,35,217,561,410,35,545,6,1038,382,26,1149,1762,945,NA,320,81,1346,1682,7,22,351,40,250,505,1519,120,719,146,112,365,272,NA,224
"Thu  5 Mar 2020",14,497,466,381,602,159,401,46,965,846,127,36,49,238,574,398,29,529,6,1031,389,77,1201,1959,1050,NA,303,65,1438,1741,18,38,321,55,265,569,1579,144,738,155,128,389,263,NA,238
"Fri  6 Mar 2020",12,434,394,387,535,146,385,51,829,735,142,49,34,205,527,363,33,483,24,998,429,44,1132,1790,1023,NA,313,67,1392,1786,3,49,325,84,230,517,1519,153,891,135,111,344,295,NA,211
"Sat  7 Mar 2020",10,198,141,342,222,167,138,62,361,303,45,27,21,86,301,354,23,471,52,363,632,84,330,844,1025,NA,478,50,916,1018,6,34,174,78,279,245,1337,89,838,317,340,136,366,NA,83
"Sun  8 Mar 2020",19,226,138,391,171,172,159,72,330,322,52,35,26,82,268,290,24,385,51,361,820,30,343,801,1192,NA,574,56,637,852,8,25,199,108,286,213,879,120,661,255,349,112,377,NA,69
"Mon  9 Mar 2020",14,447,353,289,595,109,332,30,825,707,116,27,49,218,509,308,24,410,4,1050,332,27,1095,1732,869,NA,274,62,1274,1533,8,28,343,38,176,500,1394,122,592,69,86,354,276,NA,217
"Tue 10 Mar 2020",12,489,415,321,588,135,323,68,951,767,131,39,50,219,526,323,37,429,9,1076,416,33,1167,1899,951,NA,275,73,1378,1668,8,49,324,69,248,535,1585,136,696,265,137,432,277,NA,265
"Wed 11 Mar 2020",11,442,403,300,559,147,331,37,887,699,127,43,32,232,514,373,27,496,2,927,324,39,1082,1753,915,NA,331,76,1287,1454,23,34,341,59,203,508,1444,136,637,124,121,375,258,NA,230
"Thu 12 Mar 2020",10,501,490,380,596,154,338,39,969,815,137,40,53,212,560,410,22,545,12,1011,414,59,1191,1859,1059,NA,314,75,1470,1627,15,49,358,69,286,531,1819,147,722,144,191,411,309,NA,252
"Fri 13 Mar 2020",14,382,381,332,591,123,335,35,850,715,104,39,48,194,541,345,24,459,12,950,373,44,1125,1637,987,NA,353,67,1355,1614,11,38,338,45,273,539,1581,140,793,162,140,349,291,NA,214
"Sat 14 Mar 2020",37,230,155,294,227,176,130,42,388,326,55,23,25,85,301,340,15,452,69,279,602,86,285,721,918,NA,490,49,877,994,21,32,190,57,245,195,1412,61,778,241,269,124,332,NA,76
"Sun 15 Mar 2020",19,266,130,363,178,125,102,59,438,368,45,37,25,70,250,278,26,369,45,334,571,33,330,821,1100,NA,656,55,970,913,13,33,196,57,275,175,1432,94,781,247,359,108,413,NA,66
"Mon 16 Mar 2020",12,494,443,308,668,120,346,44,940,791,112,33,46,197,464,367,37,488,14,1155,416,30,1203,1923,998,NA,314,81,1431,1650,15,62,345,41,222,526,1579,139,682,184,133,347,334,NA,213
"Tue 17 Mar 2020",9,430,449,272,582,112,305,45,816,686,122,29,53,190,573,345,32,459,13,951,336,37,1076,1696,824,NA,297,91,1204,1392,8,46,327,51,205,487,1484,125,585,141,160,370,308,NA,227
"Wed 18 Mar 2020",11,407,388,361,605,158,296,71,932,784,161,39,54,236,565,399,32,531,15,954,426,34,1090,1758,1061,NA,378,77,1363,1481,19,60,322,54,220,482,1663,144,675,172,130,363,331,NA,222
"Thu 19 Mar 2020",11,404,356,264,492,107,247,48,780,656,126,50,39,171,441,331,20,440,24,778,318,23,872,1500,797,NA,296,85,1126,1164,17,32,271,47,174,437,1339,103,500,117,128,310,261,NA,190
"Fri 20 Mar 2020",13,264,252,209,378,98,184,37,430,362,102,36,29,146,321,266,16,354,12,544,249,38,581,986,534,NA,215,67,803,805,6,32,208,31,136,354,1024,82,386,99,83,244,204,NA,150
"Sat 21 Mar 2020",35,231,133,456,179,167,103,131,402,338,38,27,27,60,250,384,21,511,54,383,769,52,308,778,1053,NA,649,54,1006,883,16,46,217,38,304,204,1335,109,781,325,360,102,456,NA,63
"Sun 22 Mar 2020",62,248,133,463,203,156,91,78,464,390,26,30,31,53,256,292,47,388,53,371,818,24,260,873,1085,NA,953,56,1006,807,14,41,231,67,336,175,1520,123,740,317,441,101,505,NA,62
"Mon 23 Mar 2020",7,195,186,130,281,70,112,22,376,316,53,35,24,120,243,199,17,264,4,347,183,23,378,724,443,NA,213,44,525,535,11,26,187,17,104,244,700,57,259,203,52,179,156,NA,110
"Tue 24 Mar 2020",16,138,104,147,196,80,78,NA,195,164,45,34,21,95,199,179,14,238,8,185,135,16,206,409,328,NA,196,78,347,303,7,32,117,25,99,190,513,66,209,101,70,109,149,NA,67
"Wed 25 Mar 2020",33,165,102,316,167,101,77,87,244,205,19,23,19,65,281,262,17,348,10,205,296,29,160,475,632,NA,389,42,555,404,13,21,182,41,196,161,931,86,310,185,162,96,295,NA,59
"Thu 26 Mar 2020",56,113,79,407,144,121,59,80,209,176,37,29,41,39,305,327,14,435,33,183,346,13,143,500,662,NA,398,34,600,342,28,41,209,24,191,156,1036,137,106,163,185,57,287,NA,35
"Fri 27 Mar 2020",66,77,72,344,131,131,64,63,138,116,25,23,26,29,266,310,17,412,43,140,232,10,128,382,548,NA,429,23,526,265,43,17,194,24,206,117,865,111,55,161,135,46,310,NA,28
"Sat 28 Mar 2020",57,164,85,794,211,257,139,173,379,319,53,24,34,43,369,516,51,686,60,392,466,25,285,692,893,NA,555,39,1051,546,52,40,412,51,310,150,1750,137,140,278,257,51,466,NA,31
"Sun 29 Mar 2020",76,185,126,1044,279,336,197,181,403,339,60,19,27,52,497,682,38,906,85,512,648,20,351,810,1299,NA,672,59,1473,761,72,22,515,45,416,192,2318,209,202,331,417,62,625,NA,38
"Mon 30 Mar 2020",82,104,107,496,150,197,122,124,188,158,34,25,26,47,338,390,18,519,63,219,383,20,178,521,711,NA,514,28,713,399,61,56,327,34,244,135,1149,139,52,237,221,60,367,NA,37
"Tue 31 Mar 2020",117,147,116,683,220,318,137,124,284,239,48,24,51,62,429,499,31,663,77,325,476,35,221,607,922,NA,590,39,994,529,87,68,414,56,330,195,1627,181,71,332,319,69,496,NA,42
"Fri  1 May 2020",61,131,135,433,190,171,141,97,771,183,59,63,36,59,293,260,36,463,50,233,342,28,202,581,844,233,361,61,599,528,49,21,247,31,248,189,1052,113,37,245,174,87,315,NA,NA
"Sat  2 May 2020",50,241,153,719,225,264,159,159,498,430,91,60,29,72,402,366,29,646,43,402,760,18,325,873,1302,252,506,41,918,735,30,29,381,34,456,182,1649,203,103,359,441,95,549,NA,NA
"Sun  3 May 2020",33,25,36,119,60,55,28,16,113,50,30,26,1,16,61,53,8,113,6,156,88,3,45,138,267,199,80,13,123,110,5,7,82,10,80,48,213,56,7,78,47,17,114,NA,NA
"Mon  4 May 2020",43,94,100,284,99,116,76,107,305,131,85,51,22,49,222,150,16,345,25,140,204,17,134,410,451,215,261,35,390,309,29,14,219,27,164,131,652,89,13,173,80,56,220,NA,NA
"Tue  5 May 2020",15,91,87,175,110,85,75,60,296,101,81,37,18,39,232,103,11,187,7,103,125,15,108,296,363,197,225,42,353,278,6,29,169,13,111,111,555,55,15,108,78,62,118,NA,NA
"Wed  6 May 2020",35,144,140,417,132,151,95,106,411,187,72,69,38,51,306,209,16,447,22,147,342,32,191,568,726,189,372,53,618,371,17,29,262,30,215,186,853,106,15,299,185,83,260,NA,NA
"Thu  7 May 2020",29,133,119,355,142,189,95,83,354,202,71,65,28,53,304,203,9,359,42,192,370,9,164,510,657,35,307,44,688,282,18,30,249,25,237,159,956,104,14,219,171,110,229,NA,NA
"Fri  8 May 2020",49,175,154,503,182,169,139,142,424,254,81,79,35,76,372,216,9,486,33,331,348,34,225,613,718,52,412,56,785,380,24,34,274,39,281,190,1122,105,44,229,220,87,343,NA,NA
"Sat  9 May 2020",78,427,225,1192,302,390,256,186,612,721,121,63,73,77,658,563,25,1050,99,887,1202,26,533,1478,2052,80,829,86,2173,956,44,73,547,57,695,291,2840,271,246,516,627,148,807,NA,NA
"Sun 10 May 2020",67,281,161,835,248,287,138,193,466,413,84,62,47,56,468,440,32,742,70,658,867,32,399,987,1299,68,594,50,1253,588,30,37,465,36,466,215,1738,183,160,413,384,88,556,NA,NA
"Mon 11 May 2020",38,131,170,324,155,154,110,87,398,150,76,56,36,68,294,185,19,350,19,263,280,16,185,551,672,39,327,67,537,308,11,33,219,28,230,176,810,120,28,193,136,79,263,NA,NA
"Tue 12 May 2020",31,104,125,298,129,134,98,93,357,149,76,54,34,58,268,176,22,339,18,155,353,22,157,456,578,36,178,45,482,289,25,22,219,19,201,146,719,92,16,128,150,91,195,NA,NA
"Wed 13 May 2020",36,127,126,318,147,117,93,66,375,140,74,54,36,52,362,177,12,343,14,171,302,12,189,497,674,50,298,67,592,367,22,40,222,26,228,183,817,98,16,155,108,89,269,NA,NA
"Thu 14 May 2020",32,153,201,318,202,157,131,72,493,214,62,97,29,78,438,212,3,441,29,210,317,35,260,653,772,68,257,60,712,546,9,48,264,23,222,264,1042,120,302,277,174,153,255,NA,NA
"Fri 15 May 2020",31,197,198,361,221,123,186,64,456,223,75,73,36,81,350,226,30,406,29,176,340,34,260,647,671,86,335,74,733,539,13,27,250,26,210,246,995,91,391,200,147,174,202,NA,NA
"Sat 16 May 2020",35,239,189,625,211,224,141,113,448,339,64,86,58,75,364,362,30,611,104,296,885,32,384,919,1263,98,639,84,1127,881,23,50,326,51,356,228,1555,154,763,289,445,110,684,NA,NA
"Sun 17 May 2020",33,300,160,569,204,241,108,98,381,423,72,83,39,58,388,385,21,682,68,337,944,18,385,859,1287,90,655,74,1261,999,29,38,288,59,438,194,1681,171,963,388,500,127,833,NA,NA
"Mon 18 May 2020",24,251,250,260,331,131,188,71,558,305,109,64,28,150,448,267,35,511,13,344,354,19,465,941,788,98,341,59,845,721,22,32,243,24,232,299,964,138,408,157,120,233,400,NA,NA
"Tue 19 May 2020",21,267,308,322,378,137,190,54,667,364,120,82,28,123,482,277,26,641,24,297,374,33,486,1081,882,114,386,72,940,779,20,24,297,28,213,341,1233,144,453,158,183,219,434,NA,NA
"Wed 20 May 2020",24,303,355,323,373,135,196,67,722,399,118,91,45,117,504,246,21,672,18,309,409,43,510,1107,1010,101,292,63,936,805,21,24,254,29,250,286,1152,149,482,138,164,237,447,NA,NA
"Thu 21 May 2020",13,253,282,296,360,133,198,45,654,324,116,83,38,137,500,244,25,534,20,284,382,25,500,1023,847,99,304,76,835,777,16,33,261,42,220,291,1108,137,447,134,145,228,370,NA,NA
"Fri 22 May 2020",22,249,239,307,312,137,188,50,612,306,79,79,29,126,496,212,26,576,45,231,362,18,447,899,732,122,329,73,836,756,19,35,285,49,226,290,1044,103,475,117,130,206,393,NA,NA
"Sat 23 May 2020",39,247,194,412,182,240,120,101,392,371,87,83,26,71,366,390,9,585,88,284,892,26,303,853,1311,136,636,54,1071,880,21,43,239,61,315,206,1426,104,820,227,463,79,643,NA,NA
"Sun 24 May 2020",2,66,66,177,92,90,32,38,199,116,42,60,15,34,186,177,4,242,4,83,338,6,109,325,499,41,117,30,331,231,13,16,122,22,112,77,565,53,201,71,180,60,211,NA,NA
"Mon 25 May 2020",11,166,175,79,192,69,76,19,380,166,73,56,14,111,240,150,13,245,7,163,147,5,265,481,287,63,131,52,398,390,9,22,143,8,80,146,449,51,150,39,30,102,134,NA,NA
"Tue 26 May 2020",2,224,238,183,256,116,129,36,560,283,102,67,28,151,382,224,24,424,1,241,275,22,391,768,588,79,267,61,686,587,14,32,196,17,145,244,862,94,337,109,76,135,316,NA,NA
"Wed 27 May 2020",12,194,179,97,229,59,97,18,433,213,88,52,21,131,272,119,14,259,0,163,143,18,319,589,372,80,93,51,383,363,9,9,132,8,62,170,428,70,202,40,30,150,197,NA,NA
"Thu 28 May 2020",7,315,327,281,374,156,168,50,684,419,124,72,38,166,554,286,15,572,17,320,372,17,472,1036,841,98,317,56,932,736,23,41,281,27,205,313,1163,125,488,140,146,196,430,NA,NA
"Fri 29 May 2020",6,217,187,150,240,103,108,40,448,241,86,64,22,100,266,180,16,370,0,186,205,9,295,555,356,95,186,47,491,445,9,24,174,7,103,176,633,60,296,56,62,119,224,NA,NA
"Sat 30 May 2020",29,193,144,421,142,169,55,117,328,330,92,58,43,61,272,288,21,431,86,281,568,34,285,668,905,126,598,43,870,668,18,33,201,23,307,149,1303,88,690,203,260,71,526,NA,NA
"Sun 31 May 2020",19,79,65,147,78,53,35,18,186,121,46,56,14,39,182,104,5,218,25,91,230,8,124,286,328,53,103,22,277,216,20,7,73,15,96,87,470,34,203,53,71,60,176,NA,NA
"Thu  1 Oct 2020",47,398,425,365,432,133,260,54,729,538,184,102,44,144,NA,342,7,396,34,650,384,15,793,1334,890,153,320,44,1024,1106,18,34,295,43,227,224,NA,107,753,153,150,285,478,781,NA
"Fri  2 Oct 2020",20,335,300,297,318,116,253,54,637,401,161,81,50,144,NA,298,11,349,39,452,307,26,561,974,597,109,269,48,876,944,21,33,206,39,214,208,NA,74,623,133,100,232,420,715,NA
"Sat  3 Oct 2020",55,218,185,418,185,180,139,86,406,379,124,71,30,92,NA,408,11,486,116,293,685,39,303,936,1147,190,445,54,1027,933,25,36,249,42,338,137,NA,111,788,266,382,146,521,824,NA
"Sun  4 Oct 2020",38,228,155,400,154,159,109,62,364,369,97,73,46,62,NA,438,9,479,96,314,635,22,279,731,1020,168,690,98,915,860,8,36,238,52,359,87,NA,118,781,308,388,110,541,831,NA
"Mon  5 Oct 2020",38,380,375,341,405,134,238,44,771,511,204,78,62,177,NA,300,6,364,41,626,374,50,784,1257,805,83,429,58,969,1130,19,31,300,50,192,241,NA,121,630,209,142,308,475,688,NA
"Tue  6 Oct 2020",56,406,455,351,420,143,265,36,845,553,193,87,57,176,NA,399,11,451,23,647,354,25,805,1449,916,134,281,56,1075,1213,20,42,325,56,253,270,NA,109,478,193,175,305,467,763,NA
"Wed  7 Oct 2020",24,394,363,292,400,133,251,48,807,523,215,76,51,173,NA,301,12,417,27,640,257,31,761,1280,777,144,262,44,1041,1159,18,28,284,66,187,231,NA,103,385,171,153,290,380,865,NA
"Thu  8 Oct 2020",21,361,421,256,399,113,242,39,734,516,226,72,39,179,NA,264,4,348,18,560,291,28,683,1198,727,138,234,56,932,1026,15,45,263,50,188,246,NA,82,453,138,114,289,381,830,NA
"Fri  9 Oct 2020",27,311,310,221,337,91,206,36,669,356,202,76,42,160,NA,229,5,318,43,466,236,28,574,916,491,149,123,54,564,763,12,26,209,43,147,220,NA,64,311,113,52,239,316,778,NA
"Sat 10 Oct 2020",46,173,183,299,183,134,107,77,388,317,150,70,53,61,NA,277,12,330,93,268,551,46,275,691,699,124,251,56,550,540,9,22,152,37,283,113,NA,64,379,175,265,101,488,815,NA
"Sun 11 Oct 2020",18,181,103,243,164,100,124,58,343,260,97,66,18,64,NA,210,3,384,54,223,379,8,226,578,724,132,238,28,505,538,14,28,192,16,198,91,NA,64,292,193,227,94,455,812,NA
"Mon 12 Oct 2020",18,311,296,145,302,81,175,31,648,394,204,59,23,159,NA,187,19,305,6,520,159,4,612,993,435,113,147,28,602,752,10,25,201,25,81,231,NA,90,152,35,48,224,234,696,NA
"Tue 13 Oct 2020",6,230,253,141,334,73,172,23,491,334,167,52,21,136,NA,151,6,234,3,453,131,16,548,821,418,68,79,42,482,633,5,21,151,23,104,215,NA,84,139,42,34,192,238,466,NA
"Wed 14 Oct 2020",48,499,478,355,469,168,289,74,1019,696,261,84,50,185,NA,331,26,556,12,718,372,22,941,1700,1014,135,331,68,1203,1348,11,42,338,54,210,432,NA,146,447,148,225,329,488,1032,NA
"Thu 15 Oct 2020",7,437,468,229,397,123,244,35,843,612,202,79,41,198,NA,273,17,437,13,644,271,8,748,1355,663,103,233,36,960,1123,8,32,261,23,127,340,NA,92,313,66,83,275,342,587,NA
"Fri 16 Oct 2020",26,369,382,277,393,147,237,37,775,515,229,87,39,179,NA,296,16,450,15,565,366,35,769,1228,774,150,308,50,853,1098,18,26,251,39,193,357,NA,116,399,103,117,261,422,709,NA
"Sat 17 Oct 2020",14,255,163,409,212,190,152,74,407,415,126,74,39,74,NA,326,9,495,57,288,589,29,333,855,1070,199,339,74,836,908,12,35,234,52,289,191,NA,101,545,236,359,116,499,912,NA
"Sun 18 Oct 2020",45,229,151,444,225,127,118,75,374,371,99,74,30,82,NA,343,11,427,59,330,559,11,348,800,1065,125,455,54,931,801,11,35,193,42,330,180,NA,99,543,235,310,124,575,1014,NA
"Mon 19 Oct 2020",12,456,446,258,507,127,256,113,879,600,224,79,50,171,NA,275,28,407,14,694,301,17,892,1484,767,141,311,52,960,1107,13,43,304,13,186,365,NA,107,355,129,105,334,465,798,NA
"Tue 20 Oct 2020",17,527,480,291,484,169,300,133,947,656,273,88,36,183,NA,312,18,452,13,759,350,23,918,1630,915,148,282,46,1147,1309,15,22,304,52,242,420,NA,137,414,125,189,309,472,983,NA
"Wed 21 Oct 2020",24,472,504,335,524,152,300,128,972,615,246,92,41,187,NA,305,19,557,9,747,337,28,915,1610,924,146,358,50,1148,1350,20,38,301,48,192,432,NA,129,453,110,143,328,515,872,NA
"Thu 22 Oct 2020",31,482,471,373,473,141,326,64,905,660,262,107,44,181,NA,254,22,524,12,701,399,20,855,1551,917,128,306,84,1202,1347,23,39,326,52,211,415,NA,127,401,130,123,336,498,814,NA
"Fri 23 Oct 2020",23,355,305,285,349,94,219,43,685,464,208,79,39,140,NA,238,26,468,9,506,297,36,631,1053,640,148,222,54,795,974,5,30,260,32,176,332,NA,93,352,83,84,294,384,811,NA
"Sat 24 Oct 2020",36,246,131,372,176,137,121,41,370,308,114,82,40,57,NA,298,2,434,113,321,607,51,314,694,881,197,399,64,860,922,6,36,207,36,214,189,NA,91,509,200,354,102,485,890,NA
"Sun 25 Oct 2020",28,214,113,427,168,94,114,64,302,296,86,87,28,52,NA,325,10,341,140,273,513,8,300,671,921,242,536,40,853,833,8,18,176,33,294,183,NA,96,500,284,265,71,456,877,NA
"Mon 26 Oct 2020",67,236,134,428,194,152,111,90,375,335,110,61,36,50,NA,313,19,424,69,345,574,78,382,704,917,216,662,36,1000,1011,15,29,199,50,362,171,NA,109,581,262,291,95,558,945,NA
"Tue 27 Oct 2020",28,477,483,327,498,128,288,50,937,651,234,101,66,211,NA,287,14,473,38,789,401,34,931,1629,908,174,324,56,1155,1337,13,41,326,51,245,416,NA,149,414,143,161,337,518,947,NA
"Wed 28 Oct 2020",14,478,470,347,509,146,332,49,998,626,250,98,46,212,NA,262,17,540,19,719,352,22,983,1667,932,134,246,38,1142,1355,19,34,340,42,205,425,NA,138,454,98,113,340,476,937,NA
"Thu 29 Oct 2020",10,458,495,341,464,122,312,40,924,598,242,96,40,220,NA,360,23,502,19,691,338,28,913,1573,832,131,231,56,1104,1373,14,30,303,34,245,414,NA,119,442,113,122,319,456,816,NA
"Fri 30 Oct 2020",16,384,426,348,433,110,266,38,816,515,224,113,59,211,NA,240,33,449,15,641,304,20,804,1326,751,171,227,70,1038,1344,10,44,305,38,174,362,NA,111,455,112,95,307,459,969,NA
"Sat 31 Oct 2020",3,168,166,286,130,134,104,40,349,262,85,64,22,71,NA,198,4,381,37,209,437,52,220,556,628,122,220,44,530,611,16,20,149,19,172,151,NA,79,282,202,287,115,316,731,NA
"Tue  1 Sep 2020",12,265,307,212,341,137,167,48,650,346,136,64,28,134,230,265,16,815,8,466,223,31,540,948,685,87,297,36,811,553,11,23,234,17,155,256,NA,104,392,86,111,205,371,436,NA
"Wed  2 Sep 2020",19,218,291,163,309,126,162,34,616,306,125,58,27,135,175,268,16,844,4,434,214,30,483,899,563,106,285,33,706,530,10,14,220,19,160,272,NA,83,299,71,67,177,279,355,NA
"Thu  3 Sep 2020",11,241,331,231,331,121,177,50,681,365,151,64,36,152,211,307,21,909,35,464,293,18,531,955,704,108,325,47,766,619,17,21,232,35,213,258,NA,105,411,115,139,215,337,447,NA
"Fri  4 Sep 2020",4,267,256,278,346,139,165,70,594,339,142,84,36,116,205,280,25,731,17,407,339,15,505,941,736,116,357,37,891,535,10,44,213,20,259,284,NA,118,508,110,140,186,419,551,NA
"Sat  5 Sep 2020",27,227,123,390,201,188,103,76,364,335,110,87,41,50,142,386,9,435,62,351,598,23,323,796,1126,128,401,44,775,1045,18,29,179,21,302,169,NA,98,697,219,448,104,503,659,NA
"Sun  6 Sep 2020",24,163,78,266,110,116,79,49,222,252,69,67,16,38,87,276,10,347,63,205,465,6,198,530,596,71,422,31,596,1025,5,20,152,27,220,98,NA,60,468,130,284,50,438,519,NA
"Mon  7 Sep 2020",13,193,223,130,321,97,157,35,469,270,142,45,27,137,169,229,16,342,8,463,243,14,483,766,462,84,220,31,540,623,5,19,155,15,143,248,NA,86,303,66,44,161,247,329,NA
"Tue  8 Sep 2020",28,343,384,294,412,170,195,60,772,517,159,76,46,153,234,372,18,581,35,627,352,29,681,1335,1015,120,408,38,1086,340,14,30,318,46,296,328,NA,146,571,125,242,221,549,581,NA
"Wed  9 Sep 2020",14,306,363,275,376,152,206,55,710,437,175,69,44,157,201,370,10,589,27,593,348,20,653,1247,865,114,334,46,940,977,9,26,255,26,266,334,NA,108,405,139,116,284,439,546,NA
"Thu 10 Sep 2020",10,270,403,236,354,148,234,36,655,419,156,87,25,159,192,277,16,490,30,537,265,25,609,1100,694,117,277,51,836,896,11,27,252,27,217,301,NA,112,412,90,91,226,314,490,NA
"Fri 11 Sep 2020",30,245,312,210,323,139,208,34,624,339,154,75,37,152,227,274,22,494,32,476,285,17,579,887,620,139,282,55,795,846,10,25,215,16,187,257,NA,100,450,144,103,211,320,506,NA
"Sat 12 Sep 2020",36,257,176,520,188,214,129,107,447,446,93,70,52,36,185,500,6,529,123,343,816,32,360,1006,1422,141,612,71,1062,969,24,46,238,67,392,230,NA,128,762,359,475,140,706,765,NA
"Sun 13 Sep 2020",21,216,148,370,139,179,95,95,353,313,81,66,21,40,126,335,10,501,64,313,559,20,253,754,1070,89,573,51,765,702,8,15,210,37,320,155,NA,113,567,309,504,94,646,734,NA
"Mon 14 Sep 2020",22,277,329,169,386,115,216,39,651,375,166,79,38,148,197,294,11,406,16,543,281,28,644,1075,624,81,289,48,778,763,10,13,230,27,172,278,NA,89,335,96,59,249,337,556,NA
"Tue 15 Sep 2020",17,245,330,211,315,111,204,38,627,310,158,58,28,140,215,264,9,405,15,528,184,27,591,963,492,105,199,42,676,730,10,17,205,20,150,236,NA,88,317,69,96,211,341,555,NA
"Wed 16 Sep 2020",19,316,387,262,397,121,228,55,755,392,180,74,60,169,203,303,22,419,11,576,283,33,651,1186,791,145,297,68,834,864,11,31,295,26,188,304,NA,127,426,151,105,258,357,695,NA
"Thu 17 Sep 2020",16,362,384,255,403,151,214,68,724,463,165,96,39,176,189,334,17,547,30,563,320,25,692,1227,814,128,287,63,944,995,8,28,298,39,226,280,NA,127,526,112,157,279,405,710,NA
"Fri 18 Sep 2020",26,202,252,151,278,86,201,26,498,283,146,64,27,132,186,262,13,333,11,370,227,19,475,710,427,99,153,39,553,601,7,15,175,19,128,217,NA,74,327,45,62,180,241,506,NA
"Sat 19 Sep 2020",12,200,147,355,148,189,85,42,336,264,81,73,27,52,233,297,4,395,58,280,519,22,264,651,791,153,338,38,642,626,21,32,179,33,207,178,NA,89,581,89,301,82,365,638,NA
"Sun 20 Sep 2020",79,266,179,578,211,171,127,93,363,407,126,61,65,44,163,353,11,555,74,354,733,19,347,993,1400,105,700,63,1012,932,13,33,298,34,420,175,NA,121,972,430,461,153,740,891,NA
"Mon 21 Sep 2020",33,374,375,311,425,126,232,52,765,472,173,92,50,184,173,392,22,466,10,653,337,17,775,1398,880,124,377,31,1052,1180,12,23,337,38,215,356,NA,152,631,139,117,310,453,447,NA
"Tue 22 Sep 2020",32,404,473,333,467,158,280,61,899,583,227,91,51,185,195,408,28,568,24,731,386,21,943,1564,1112,128,362,38,1180,1366,8,28,306,40,284,411,NA,152,696,141,197,322,540,876,NA
"Wed 23 Sep 2020",27,401,444,320,427,152,261,60,879,455,202,87,50,170,180,428,32,582,13,638,340,40,800,1455,955,135,349,29,1032,1250,7,35,291,36,220,367,NA,126,590,61,171,344,416,777,NA
"Thu 24 Sep 2020",9,286,350,202,358,94,264,27,722,355,152,81,26,152,188,282,22,423,10,520,233,17,628,1002,523,93,233,28,721,903,8,25,204,20,206,285,NA,103,503,33,78,235,249,549,NA
"Fri 25 Sep 2020",10,340,361,353,361,114,233,57,710,460,172,90,57,143,202,367,22,552,22,520,355,20,650,1117,786,144,318,24,931,1064,5,29,234,26,235,303,NA,119,786,126,142,256,433,679,NA
"Sat 26 Sep 2020",93,261,200,559,212,193,128,65,414,413,110,75,38,69,216,399,25,532,90,398,727,35,371,1034,1347,109,443,23,941,868,16,31,247,44,411,193,NA,119,924,257,453,143,622,974,NA
"Sun 27 Sep 2020",18,65,58,87,97,30,60,16,122,85,59,53,10,48,149,99,6,150,13,85,108,6,94,208,232,48,105,5,210,228,1,23,60,4,438,75,NA,23,193,72,41,38,228,356,NA
"Mon 28 Sep 2020",30,272,318,179,337,79,191,34,588,330,148,66,29,140,189,230,10,247,15,432,158,15,559,832,466,84,190,25,619,702,12,35,192,20,195,253,NA,65,434,133,56,204,326,619,NA
"Tue 29 Sep 2020",12,235,278,128,257,65,175,14,525,268,156,60,23,123,220,178,4,204,5,374,107,30,494,681,342,64,80,12,468,620,11,14,164,33,237,178,NA,55,296,81,27,182,240,561,NA
"Wed 30 Sep 2020",43,349,381,233,363,96,209,40,729,455,162,54,28,149,193,368,15,390,30,551,282,38,656,1157,720,109,260,28,786,903,17,13,232,27,220,212,NA,93,526,127,129,245,374,697,NA
"Wed  1 Jul 2020",9,383,389,282,443,125,242,75,788,495,174,81,36,191,257,321,21,525,19,684,425,25,781,1336,875,127,285,60,1015,1298,8,28,292,35,225,355,NA,112,515,80,126,259,395,NA,NA
"Thu  2 Jul 2020",5,350,401,252,413,98,230,45,701,489,192,67,21,170,239,275,19,409,10,569,282,23,697,1134,620,100,216,35,881,1197,9,36,249,28,191,338,NA,100,473,72,78,273,378,NA,NA
"Fri  3 Jul 2020",5,356,295,275,383,92,225,38,654,447,143,89,27,143,222,281,17,475,17,500,343,34,607,999,610,110,221,49,909,1242,9,29,225,43,170,301,NA,97,501,80,99,233,331,NA,NA
"Sat  4 Jul 2020",12,219,152,294,179,186,103,75,385,320,75,49,19,61,144,289,13,405,34,271,737,30,267,634,886,102,293,65,601,781,12,26,150,25,262,179,NA,81,526,148,316,108,385,NA,NA
"Sun  5 Jul 2020",7,137,70,221,111,99,55,38,240,203,60,76,19,44,106,187,3,294,30,176,417,12,161,434,619,64,229,36,440,422,24,17,135,37,217,95,NA,52,319,107,208,86,391,NA,NA
"Mon  6 Jul 2020",8,198,215,86,267,63,145,16,416,280,121,47,18,121,132,215,0,141,10,386,140,12,444,665,303,79,52,30,529,1076,10,20,121,10,80,174,NA,46,205,16,24,168,159,NA,NA
"Tue  7 Jul 2020",3,199,284,120,274,76,137,12,490,334,128,51,26,120,131,172,6,189,12,431,122,17,491,731,332,72,76,34,595,1187,6,14,150,11,79,206,NA,66,272,37,37,161,185,NA,NA
"Wed  8 Jul 2020",3,138,176,72,204,50,106,22,363,201,105,55,8,102,143,261,11,90,1,306,81,11,388,464,161,66,18,44,344,1146,1,10,106,9,50,148,NA,39,168,30,11,122,103,NA,NA
"Thu  9 Jul 2020",11,235,302,163,325,74,161,27,546,357,124,64,19,146,157,233,2,184,17,432,191,8,540,758,393,75,133,40,590,920,3,27,163,29,152,238,NA,53,376,66,42,218,264,NA,NA
"Fri 10 Jul 2020",20,253,268,249,312,85,155,43,520,355,112,70,38,140,172,289,8,310,34,445,255,20,534,837,557,112,259,25,767,1048,9,23,182,20,162,218,NA,74,501,89,110,187,350,NA,NA
"Sat 11 Jul 2020",4,156,122,243,114,134,81,39,270,248,54,60,14,66,138,237,12,316,89,179,481,34,182,539,740,78,350,48,530,674,13,21,107,45,196,123,NA,54,397,77,320,107,379,NA,NA
"Sun 12 Jul 2020",16,203,106,334,139,127,65,80,276,282,68,58,18,49,146,327,10,376,90,310,480,12,274,648,846,104,497,23,728,517,11,14,159,27,248,138,NA,59,635,174,351,77,447,NA,NA
"Mon 13 Jul 2020",4,285,337,226,398,105,184,39,661,436,131,70,27,165,224,321,14,259,16,606,298,49,723,1114,610,61,302,43,839,1148,15,35,222,20,190,302,NA,101,508,132,74,277,362,NA,NA
"Tue 14 Jul 2020",14,341,341,217,393,118,223,28,677,459,111,89,31,149,240,346,1,287,23,584,234,12,695,1099,582,79,241,23,849,1263,14,33,213,26,177,277,NA,77,446,85,95,257,307,NA,NA
"Wed 15 Jul 2020",1,224,298,160,271,66,156,36,534,315,132,59,8,145,207,262,3,187,7,428,164,15,499,781,383,77,95,31,620,706,9,27,181,22,78,221,NA,61,311,49,59,193,182,NA,NA
"Thu 16 Jul 2020",10,141,202,84,186,34,129,8,397,209,92,43,21,129,171,210,0,86,8,299,122,13,430,554,212,45,28,34,334,432,3,16,119,16,52,178,NA,31,208,26,12,165,139,NA,NA
"Fri 17 Jul 2020",12,244,264,173,299,71,151,26,516,344,111,58,26,122,217,300,9,277,24,440,242,32,538,798,482,88,122,28,617,682,11,23,160,18,159,215,NA,73,369,63,47,212,344,NA,NA
"Sat 18 Jul 2020",16,131,106,223,139,90,75,31,250,213,83,75,14,67,157,263,23,278,24,234,405,46,230,453,519,81,246,31,510,500,15,23,119,45,232,137,NA,69,431,128,165,112,324,NA,NA
"Sun 19 Jul 2020",32,207,130,367,158,120,91,70,350,308,62,83,28,55,188,356,6,364,17,227,565,19,218,657,920,106,457,51,676,622,20,23,186,27,281,137,NA,95,574,200,300,109,551,NA,NA
"Mon 20 Jul 2020",11,382,356,205,429,119,192,27,764,486,148,75,43,170,275,289,18,445,9,666,334,11,791,1300,676,116,261,50,917,993,5,22,248,21,176,333,NA,110,411,58,70,300,388,NA,NA
"Tue 21 Jul 2020",4,319,401,198,398,121,187,31,694,476,170,64,28,182,249,304,9,426,18,595,223,23,721,1155,545,92,232,47,874,956,10,27,254,18,103,320,NA,102,421,45,87,267,302,NA,NA
"Wed 22 Jul 2020",0,199,251,106,267,60,146,16,482,290,135,47,16,124,166,208,16,268,6,458,140,17,543,717,281,62,89,48,478,582,9,14,144,10,69,220,NA,55,228,17,27,160,146,NA,NA
"Thu 23 Jul 2020",1,267,341,184,345,112,186,18,655,401,134,71,20,154,233,275,19,325,20,495,210,21,609,985,460,117,214,56,717,817,12,32,226,27,161,279,NA,77,396,61,55,249,284,NA,NA
"Fri 24 Jul 2020",7,253,301,163,297,106,168,44,604,380,164,54,25,154,201,249,21,437,9,473,216,18,569,975,473,108,198,66,638,829,8,21,227,20,99,256,NA,82,413,41,57,211,267,NA,NA
"Sat 25 Jul 2020",23,176,130,312,182,128,87,49,372,298,94,70,25,60,127,268,14,482,74,230,594,23,222,625,824,143,391,64,678,626,16,17,185,41,273,190,NA,92,510,188,301,83,441,NA,NA
"Sun 26 Jul 2020",17,188,109,343,132,130,65,70,289,245,88,87,23,49,127,318,20,366,30,211,487,19,226,533,862,99,486,74,659,614,4,24,168,33,228,160,NA,84,544,168,339,76,446,NA,NA
"Mon 27 Jul 2020",6,375,370,228,483,104,243,36,861,573,187,84,41,202,255,297,16,464,19,647,303,27,783,1350,726,102,293,53,960,1089,11,42,286,22,188,388,NA,133,476,84,82,290,369,NA,NA
"Tue 28 Jul 2020",11,384,461,251,486,118,211,41,953,604,186,72,40,201,288,397,24,495,29,700,360,34,810,1417,775,115,272,45,1019,1228,20,29,283,36,237,377,NA,127,493,83,133,331,409,NA,NA
"Wed 29 Jul 2020",18,357,436,278,464,122,222,49,943,533,212,66,41,188,257,427,13,580,13,685,357,31,816,1433,810,134,242,40,966,1136,12,27,266,44,209,398,NA,110,507,78,119,288,390,NA,NA
"Thu 30 Jul 2020",7,380,466,249,458,124,239,41,861,552,213,84,36,190,298,336,14,489,21,612,294,17,770,1341,691,108,228,53,914,1076,5,22,277,25,183,367,NA,116,535,62,77,299,408,NA,NA
"Fri 31 Jul 2020",5,307,346,207,361,92,197,70,744,451,205,78,25,174,221,307,16,479,7,483,295,19,616,1056,527,94,206,46,771,947,18,32,212,29,157,340,NA,86,401,56,67,258,334,NA,NA
"Wed  1 Jan 2020",46,178,50,187,86,73,58,30,199,193,10,47,7,26,144,207,15,257,68,278,258,15,205,441,623,219,460,24,599,1004,17,21,91,26,161,100,880,126,508,228,203,72,177,NA,86
"Thu  2 Jan 2020",28,189,71,240,116,120,76,49,330,259,25,38,13,38,159,228,16,320,73,309,377,45,271,474,640,214,586,39,703,1137,22,26,109,36,158,135,1057,124,632,264,237,79,246,NA,104
"Fri  3 Jan 2020",18,188,82,163,149,89,83,36,345,206,28,71,26,49,166,277,14,277,76,302,236,23,288,472,540,235,387,61,587,874,9,21,94,39,141,166,821,133,510,203,152,114,196,NA,66
"Sat  4 Jan 2020",18,148,71,137,117,106,108,35,258,237,31,49,5,41,139,162,16,274,123,215,233,29,206,430,475,249,385,37,492,711,12,25,84,20,101,111,705,61,449,295,169,66,173,NA,112
"Sun  5 Jan 2020",25,226,121,242,149,121,64,57,256,328,34,66,13,46,185,242,10,322,91,285,406,28,227,621,854,145,508,37,748,1326,13,23,112,40,217,140,1132,185,602,169,329,87,276,NA,79
"Mon  6 Jan 2020",24,223,246,122,295,82,148,48,658,350,72,54,25,134,278,167,13,196,58,494,137,23,578,935,526,153,251,64,662,1170,10,43,175,21,116,258,792,145,414,155,73,221,180,NA,151
"Tue  7 Jan 2020",20,367,285,222,363,143,164,42,661,452,74,71,27,148,338,291,21,298,50,634,249,26,750,1148,726,213,316,45,902,1392,14,33,224,24,207,293,1017,201,570,132,138,236,237,NA,152
"Wed  8 Jan 2020",30,403,315,231,398,109,199,61,670,498,80,93,51,168,406,310,16,374,90,667,316,33,775,1220,878,207,413,61,1095,1168,19,26,244,52,224,291,1348,204,620,226,222,263,321,NA,172
"Thu  9 Jan 2020",43,415,363,305,443,143,198,41,675,531,89,81,40,171,408,303,15,418,57,750,334,18,879,1396,849,191,442,81,1199,1370,16,42,253,34,247,364,1514,212,729,183,164,295,297,NA,187
"Fri 10 Jan 2020",39,230,231,305,357,117,176,23,561,456,75,72,34,143,361,232,12,342,54,623,291,32,753,1166,679,211,432,70,1036,1155,8,26,258,58,207,293,1270,187,646,175,124,262,257,NA,171
"Sat 11 Jan 2020",30,225,96,306,205,120,111,57,325,311,34,74,50,58,252,352,18,421,77,377,611,62,328,704,963,270,528,55,966,900,13,38,177,49,207,173,1448,209,702,229,337,124,278,NA,83
"Sun 12 Jan 2020",19,299,112,385,171,128,80,42,279,389,30,72,25,60,269,369,13,410,39,451,561,39,329,856,1119,283,609,55,1115,1021,19,25,150,37,265,181,1695,214,835,311,390,108,390,NA,95
"Mon 13 Jan 2020",41,505,369,315,540,142,298,48,821,709,95,84,50,204,525,387,8,378,45,1057,372,47,1141,1783,1032,215,412,64,1355,965,19,38,338,58,227,415,1522,261,669,268,167,347,334,NA,120
"Tue 14 Jan 2020",19,498,386,309,543,149,287,38,822,685,112,90,48,208,498,344,23,384,56,1000,327,39,1136,1731,1008,196,273,65,1298,937,13,44,296,46,209,415,1584,266,652,316,171,321,304,NA,195
"Wed 15 Jan 2020",32,411,365,346,554,145,269,63,803,684,88,104,42,210,577,369,31,432,44,975,361,31,1068,1814,1099,182,339,64,1384,998,24,42,328,55,208,445,1632,303,696,237,187,380,357,NA,174
"Thu 16 Jan 2020",44,528,395,377,545,149,214,50,841,689,100,79,53,228,538,409,31,439,48,991,382,39,1187,1734,1069,209,378,66,1459,1250,18,42,311,48,272,452,1805,282,708,205,180,346,385,NA,184
"Fri 17 Jan 2020",44,492,312,373,523,130,240,43,738,607,87,76,58,204,509,345,8,447,58,859,330,41,969,1474,927,218,362,75,1324,1039,13,44,278,59,231,396,1568,225,750,174,167,345,303,NA,200
"Sat 18 Jan 2020",27,291,126,327,192,154,109,53,318,400,41,67,72,80,308,420,5,471,38,377,584,28,291,781,1059,205,476,74,960,863,11,30,165,38,321,193,1588,193,722,204,403,146,345,NA,115
"Sun 19 Jan 2020",17,318,133,330,215,126,130,48,321,441,29,75,22,64,259,432,15,372,64,414,662,17,320,885,1267,256,605,59,1090,1065,13,43,190,64,295,171,1637,190,723,196,298,123,380,NA,73
"Mon 20 Jan 2020",36,534,407,353,582,145,312,33,880,732,93,81,62,204,519,415,25,412,38,1083,399,33,1185,1971,1116,178,323,67,1490,872,14,42,328,51,258,464,1759,292,716,184,151,363,366,NA,160
"Tue 21 Jan 2020",34,571,441,356,578,186,327,48,915,752,93,100,57,233,567,485,25,576,49,1142,451,39,1247,1881,1194,183,312,90,1691,1309,15,56,372,51,268,475,1920,259,770,167,194,366,426,NA,193
"Wed 22 Jan 2020",38,586,435,341,566,131,314,76,911,730,104,111,61,223,538,446,25,484,20,1055,462,59,1189,1878,1094,211,428,84,1430,1228,18,42,328,80,291,453,1630,312,780,156,191,370,424,NA,193
"Thu 23 Jan 2020",48,451,415,355,525,130,339,52,866,731,113,108,58,211,501,359,9,464,22,1030,415,43,1167,1744,1044,176,367,67,1567,1316,19,55,310,56,286,431,1856,222,829,148,147,387,368,NA,144
"Fri 24 Jan 2020",19,388,314,266,421,108,226,59,620,530,88,94,39,150,359,242,21,333,50,674,338,37,812,1258,777,199,295,87,1052,920,19,35,232,41,173,349,1243,206,666,114,86,307,255,NA,167
"Sat 25 Jan 2020",33,86,128,254,185,177,115,32,286,362,54,60,23,82,228,356,21,382,50,337,551,58,316,671,864,248,423,60,931,838,22,20,223,32,238,189,1391,136,807,236,293,138,251,NA,115
"Sun 26 Jan 2020",21,245,76,287,166,148,84,44,233,364,38,75,23,54,215,292,17,354,63,368,514,45,309,669,1022,268,417,43,901,1216,11,28,146,60,263,181,1320,144,849,177,329,111,285,NA,101
"Mon 27 Jan 2020",38,251,82,408,173,87,109,42,236,390,31,48,22,68,252,266,21,365,39,359,483,42,336,757,913,235,591,68,1098,1105,31,44,142,45,261,141,1589,140,1053,220,233,132,306,NA,90
"Tue 28 Jan 2020",32,489,440,307,583,129,319,59,868,713,107,85,55,222,505,353,17,416,16,1093,391,24,1202,1835,1050,201,363,81,1497,1169,19,36,342,43,270,442,1764,273,709,104,145,368,349,NA,184
"Wed 29 Jan 2020",34,500,431,358,549,179,302,67,904,733,116,108,52,248,542,435,24,478,15,1086,418,39,1163,1830,1095,161,474,93,1532,1210,13,40,365,56,300,436,1658,311,856,167,186,365,341,NA,217
"Thu 30 Jan 2020",43,509,488,412,541,158,333,45,907,751,118,95,62,217,550,348,19,465,10,1112,409,44,1210,1904,1056,187,475,94,1554,1301,9,44,362,43,295,453,1801,290,789,136,180,359,330,NA,199
"Fri 31 Jan 2020",33,440,373,380,473,152,317,61,811,692,97,98,51,221,532,381,17,456,8,922,402,52,722,1628,954,205,423,76,1530,1251,23,42,314,70,247,388,1595,234,1013,145,128,328,305,NA,201
"Sun  1 Nov 2020",30,211,143,351,217,163,157,80,359,283,106,86,27,78,NA,328,12,409,53,313,651,36,389,770,965,112,466,31,691,621,11,29,268,52,304,183,NA,115,445,359,309,126,664,926,194
"Mon  2 Nov 2020",29,478,461,341,516,136,311,41,906,617,219,82,42,222,NA,278,19,474,13,800,372,25,962,1671,894,137,305,31,1156,1373,14,46,356,50,151,430,NA,125,435,152,125,388,524,763,226
"Tue  3 Nov 2020",9,465,506,187,498,129,301,67,964,563,244,83,33,232,NA,269,12,421,8,689,309,27,891,1484,791,129,211,29,1045,1326,11,45,286,56,0,431,NA,108,409,65,104,343,391,694,256
"Wed  4 Nov 2020",9,416,440,111,461,127,308,71,901,529,216,98,20,242,NA,292,27,451,3,685,327,39,900,1491,776,145,224,39,1031,1289,16,44,288,66,199,416,NA,108,440,106,122,375,427,765,242
"Thu  5 Nov 2020",1,186,209,25,246,55,124,12,422,272,125,53,13,140,NA,127,8,224,0,371,103,13,458,671,302,76,55,22,395,614,10,14,139,50,55,172,NA,54,133,23,13,190,146,375,109
"Fri  6 Nov 2020",19,342,338,103,390,115,222,41,724,453,201,75,30,167,NA,233,20,436,13,550,297,37,744,1219,766,114,242,19,919,1147,7,43,294,43,151,353,NA,104,403,112,99,285,373,807,227
"Sat  7 Nov 2020",25,198,201,116,166,143,123,76,363,306,95,75,42,68,NA,382,5,501,88,239,556,37,245,649,865,138,356,26,792,743,10,31,182,37,304,174,NA,69,424,231,306,96,421,747,107
"Sun  8 Nov 2020",31,148,126,106,160,93,86,50,282,208,94,69,10,68,NA,148,5,331,25,217,382,27,263,502,622,63,294,16,591,606,10,36,182,16,266,113,NA,68,394,271,197,101,451,720,76
"Mon  9 Nov 2020",6,367,363,216,420,112,243,212,768,500,209,57,27,185,NA,263,13,391,13,616,245,36,770,1247,641,76,245,22,877,1078,8,28,214,25,162,329,NA,99,326,62,71,272,327,570,206
"Tue 10 Nov 2020",7,233,237,89,259,85,165,24,489,336,171,64,21,151,NA,138,11,239,5,413,132,19,549,859,472,93,148,24,499,724,12,19,143,23,84,222,NA,70,211,58,37,176,206,532,108
"Wed 11 Nov 2020",10,345,419,100,423,145,290,54,809,482,231,97,29,200,NA,270,30,407,15,608,260,48,788,1245,720,136,278,29,878,1210,14,45,228,54,149,377,NA,109,391,85,89,277,370,949,185
"Thu 12 Nov 2020",26,447,547,94,461,156,315,34,937,609,213,87,34,223,NA,282,25,520,8,663,386,37,923,1583,962,123,296,23,1320,1555,15,48,338,23,225,365,NA,145,482,113,128,339,515,1020,239
"Fri 13 Nov 2020",10,219,313,38,265,133,204,67,618,296,134,95,44,126,NA,266,11,540,25,333,409,59,414,804,680,153,312,27,756,876,13,42,220,39,219,199,NA,98,371,125,110,198,420,722,168
"Sat 14 Nov 2020",52,250,190,63,196,184,131,80,476,368,115,75,52,85,NA,281,18,534,41,278,529,45,287,811,1115,225,402,37,917,1004,12,60,214,52,259,192,NA,99,502,251,303,122,505,1053,129
"Sun 15 Nov 2020",37,180,153,61,188,134,150,78,344,324,97,74,20,68,NA,271,14,461,49,265,464,23,287,719,872,142,444,47,832,950,17,39,194,42,304,151,NA,108,480,222,352,99,610,888,127
"Mon 16 Nov 2020",18,455,413,37,493,137,297,66,841,611,185,71,49,182,NA,277,31,371,9,725,356,30,881,1512,873,170,298,35,1077,1252,13,50,339,13,211,361,NA,135,395,136,79,318,463,887,217
"Tue 17 Nov 2020",19,480,494,348,510,185,343,53,972,644,232,93,49,204,NA,351,34,280,32,845,431,27,1034,1734,1038,143,309,41,1359,1566,12,54,342,52,269,419,NA,148,482,152,164,329,612,942,288
"Wed 18 Nov 2020",10,409,458,226,475,129,315,37,866,539,240,88,45,181,NA,265,39,265,15,760,318,30,946,1483,825,154,233,26,1083,1340,10,48,275,48,220,375,NA,123,427,126,137,336,376,1006,272
"Thu 19 Nov 2020",14,430,487,270,426,160,334,57,822,601,237,112,48,164,NA,319,38,232,15,693,337,35,862,1428,830,122,216,43,1131,1359,20,44,294,52,211,379,NA,122,514,164,140,340,454,980,272
"Fri 20 Nov 2020",27,424,397,276,415,125,271,49,797,579,180,98,41,132,NA,251,21,257,34,660,349,31,838,1363,858,171,287,31,1024,1285,17,60,310,32,240,343,NA,138,554,133,146,294,440,823,233
"Sat 21 Nov 2020",12,243,162,305,181,163,147,48,412,306,94,60,48,81,NA,340,7,281,76,304,679,30,340,773,1057,211,397,31,840,922,7,35,207,36,248,127,NA,111,486,229,346,128,476,1033,151
"Sun 22 Nov 2020",28,171,96,227,126,86,80,57,229,250,90,63,16,61,NA,181,16,148,44,194,205,22,229,536,599,120,269,14,542,618,12,40,133,33,157,100,NA,77,382,226,237,70,324,738,110
"Mon 23 Nov 2020",27,478,432,271,505,162,314,60,886,637,125,88,47,171,NA,332,29,255,10,788,374,20,984,1594,1018,158,287,31,1239,1489,10,53,338,50,266,386,NA,144,413,161,142,355,536,1044,282
"Tue 24 Nov 2020",16,325,366,154,335,83,219,45,638,410,83,80,20,175,NA,220,38,175,5,546,199,19,689,1137,563,116,348,28,763,1002,5,23,218,51,130,275,NA,97,270,38,48,241,259,487,222
"Wed 25 Nov 2020",23,242,273,157,280,74,208,22,509,318,62,69,18,186,NA,204,23,146,4,451,152,26,602,838,452,70,234,45,572,811,8,28,172,42,97,251,NA,80,290,56,57,178,248,628,190
"Thu 26 Nov 2020",20,459,457,277,426,151,305,36,819,567,78,82,47,206,NA,306,42,231,15,669,294,26,857,1403,747,113,316,37,1064,1314,12,37,288,34,207,339,NA,118,410,84,112,353,384,723,268
"Fri 27 Nov 2020",16,379,370,266,420,127,282,42,712,509,88,86,38,189,NA,388,46,208,18,596,296,38,744,1198,747,155,265,44,942,1228,12,36,312,38,200,340,NA,116,570,107,124,268,418,835,245
"Sat 28 Nov 2020",31,200,156,274,153,185,130,56,337,259,40,73,20,66,NA,322,6,223,38,281,558,42,251,602,770,198,304,42,777,849,17,20,162,19,219,150,NA,65,510,211,351,120,400,725,125
"Sun 29 Nov 2020",9,103,81,162,106,98,78,41,211,163,39,62,10,63,NA,185,3,136,22,120,217,31,150,323,476,105,176,16,394,469,5,16,88,34,129,78,NA,40,227,49,136,70,232,549,62
"Mon 30 Nov 2020",8,355,382,162,394,98,252,26,714,459,80,80,33,160,NA,261,45,250,2,605,222,24,751,1173,566,94,172,28,842,1112,5,25,267,39,140,298,NA,111,337,43,70,282,346,547,208
